family_key,family_title,variant_count,variant_codes,variant_labels,colors,sizes,supplier_codes,gtins,min_msrp,max_msrp,image_count,source_urls
612020,ΣΚΟΥΦΟΣ POWERSTRETCH,1,02,ΜΠΡΕΛΟΚ ORIGINAL BAG,,,612020-02,,19.00,19.00,5,https://www.polo.gr/bags/travel/el-travel-accessories/el-beanie-powerstretch/
612022,ΣΚΟΥΦΟΣ ΙΣΟΘΕΡΜΙΚΟΣ POLARTEC,1,02,ΜΠΡΕΛΟΚ ORIGINAL BAG,,,612022-02,,15.00,15.00,5,https://www.polo.gr/bags/travel/el-travel-accessories/el-beanie-polartec/
612026,ΜΠΑΛΑΚΛΑΒΑ POWERSTRETCH,1,02,ΜΠΡΕΛΟΚ ORIGINAL BAG,,,612026-02,,19.00,19.00,5,https://www.polo.gr/bags/travel/el-travel-accessories/el-full-face-powerstretch/
612027,ΜΠΑΛΑΚΛΑΒΑ WINDBLOC,1,0000,ΜΠΡΕΛΟΚ ORIGINAL BAG,,,612027-0000,,26.20,26.20,5,https://www.polo.gr/bags/travel/el-travel-accessories/el-full-face-windbloc/
848073,ΠΑΓΟΥΡΙ ΑΛΟΥΜΙΝΙΟΥ HIT CAP 0.45L (G45) LAKEN,4,CL|PU|RO|SU,ΜΠΡΕΛΟΚ ORIGINAL BAG,,,848073-CL|848073-PU|848073-RO|848073-SU,,15.00,15.00,36,https://www.polo.gr/bags/back2school/el-back2school-bottles-thermos/el-bottle-hit-cap-g45-0-45l-cl/|https://www.polo.gr/bags/back2school/el-back2school-bottles-thermos/el-bottle-hit-cap-g45-0-45l-pu/|https://www.polo.gr/bags/back2school/el-back2school-bottles-thermos/el-bottle-hit-cap-g45-0-45l-ro/|https://www.polo.gr/bags/back2school/el-back2school-bottles-thermos/el-bottle-hit-cap-g45-0-45l-su/
848116,ΠΑΓΟΥΡΙ BASIC STEEL PLAIN LAKEN 1lt (BS100) LAKEN,6,02|03|12|17|41|57,ΚΟΡΔΟΝΙ ΜΠΡΕΛΟΚ ΓΙΑ ΚΙΝΗΤΟ,,,848116-02|848116-03|848116-12|848116-17|848116-41|848116-57,,18.00,18.00,52,https://www.polo.gr/bags/back2school/el-back2school-bottles-thermos/el-bottle-basic-steel-plain-laken-1lt-bs100-laken-02/|https://www.polo.gr/bags/travel/el-travel-bottles-thermos/el-bottle-basic-steel-plain-laken-1lt-bs100-laken-03/|https://www.polo.gr/bags/back2school/el-back2school-bottles-thermos/el-bottle-basic-steel-plain-laken-1lt-bs100-laken-12/|https://www.polo.gr/bags/back2school/el-back2school-bottles-thermos/el-bottle-basic-steel-plain-laken-1lt-bs100-laken-17/|https://www.polo.gr/bags/back2school/el-back2school-bottles-thermos/el-bottle-basic-steel-plain-laken-1lt-bs100-laken-41/|https://www.polo.gr/bags/travel/el-travel-bottles-thermos/el-bottle-basic-steel-plain-laken-1lt-bs100-laken-57/
848223,ΠΑΓΟΥΡΙ TRITAN OBY CAP 0.45L (OBY) LAKEN,8,BA|CH|DL|ER|FC|FR|JU|PI,ΜΠΡΕΛΟΚ ORIGINAL BAG|ΠΑΓΟΥΡΙ TRITAN OBY 0.45lt LAKEN,,,848223-BA|848223-CH|848223-DL|848223-ER|848223-FC|848223-FR|848223-JU|848223-PI,,15.00,15.00,96,https://www.polo.gr/bags/back2school/el-back2school-bottles-thermos/el-bottle-tritan-oby-cap-0-45l-ba/|https://www.polo.gr/bags/back2school/el-back2school-bottles-thermos/el-bottle-tritan-oby-cap-0-45l-ch/|https://www.polo.gr/bags/back2school/el-back2school-bottles-thermos/el-bottle-tritan-oby-cap-0-45l-dl/|https://www.polo.gr/bags/back2school/el-back2school-bottles-thermos/el-bottle-tritan-oby-cap-0-45l-er/|https://www.polo.gr/bags/back2school/el-back2school-bottles-thermos/el-bottle-tritan-oby-cap-0-45l-fc/|https://www.polo.gr/bags/back2school/el-back2school-bottles-thermos/el-bottle-tritan-oby-cap-0-45l-fr/|https://www.polo.gr/bags/back2school/el-back2school-bottles-thermos/el-bottle-tritan-oby-cap-0-45l-ju/|https://www.polo.gr/bags/back2school/el-back2school-bottles-thermos/el-bottle-tritan-oby-cap-0-45l-pi/
849019,"ΘΕΡΜΟΣ JANNU 0,75L (TJ7) LAKEN",1,25,ΚΟΡΔΟΝΙ ΜΠΡΕΛΟΚ ΓΙΑ ΚΙΝΗΤΟ,,,849019-25,,29.00,29.00,5,https://www.polo.gr/bags/travel/el-travel-bottles-thermos/el-thermos-jannu-075l-tj7-laken-25/
849020,"ΘΕΡΜΟΣ BEVERAGE 0,50L (180050/1850) LAKEN",1,14,"ΘΕΡΜΟΣ JANNU 0,75L (TJ7) LAKEN",,,849020-14,,23.00,23.00,8,https://www.polo.gr/bags/travel/el-travel-bottles-thermos/el-beverage-050l-180050-1850-laken-14/
849089,"ΘΕΡΜΟΣ JANNU 0,5L (TJ5) LAKEN",5,03|05|14|16|25,ΜΠΡΕΛΟΚ ORIGINAL BAG,,,849089-03|849089-05|849089-14|849089-16|849089-25,,28.00,28.00,60,https://www.polo.gr/bags/travel/el-travel-bottles-thermos/el-thermos-jannu-05l-tj5-laken-03/|https://www.polo.gr/bags/travel/el-travel-bottles-thermos/el-thermos-jannu-05l-tj5-laken-05/|https://www.polo.gr/bags/travel/el-travel-bottles-thermos/el-thermos-jannu-05l-tj5-laken-14/|https://www.polo.gr/bags/back2school/el-back2school-bottles-thermos/%ce%b8%ce%b5%cf%81%ce%bc%ce%bf%cf%83-jannu-05l-tj5-laken-16/|https://www.polo.gr/bags/back2school/el-back2school-bottles-thermos/%ce%b8%ce%b5%cf%81%ce%bc%ce%bf%cf%83-jannu-05l-tj5-laken-25/
849120,ΘΕΡΜΟΣ 0.50lt ΜΕ ΘΗΚΗ NEOPREN L1800.50 LAKEN,1,SP,ΜΠΡΕΛΟΚ ORIGINAL BAG,,,849120-SP,,25.20,25.20,5,https://www.polo.gr/bags/back2school/el-back2school-bottles-thermos/el-thermos-0-50lt-neopren-l1800-50-laken-sp-o-s/
901001,ΣΑΚΙΔΙΟ CRYPTIC,3,2002|5001|6501,ΚΑΣΕΤΙΝΑ CRYPTIC,,,901001-2002|901001-5001|901001-6501,,55.00,55.00,36,https://www.polo.gr/bags/back2school/sakidia/el-backpack-cryptic-2002/|https://www.polo.gr/bags/back2school/sakidia/el-backpack-cryptic-5001/|https://www.polo.gr/bags/back2school/sakidia/el-backpack-cryptic-6501/
901059,ΣΑΚΙΔΙΟ PINS,8,2000|3400|4300|4501|5200|6400|6700|7700,ΣΑΚΙΔΙΟ MULTI POCKET|Pin 1,,,901059-2000|901059-3400|901059-4300|901059-4501|901059-5200|901059-6400|901059-6700|901059-7700,,40.00,40.00,96,https://www.polo.gr/bags/back2school/sakidia/el-backback-pins-2000/|https://www.polo.gr/bags/back2school/sakidia/el-backback-pins-3400/|https://www.polo.gr/bags/back2school/sakidia/el-backpack-pins-4300/|https://www.polo.gr/bags/back2school/sakidia/el-backpack-pins-4501/|https://www.polo.gr/bags/back2school/sakidia/el-backback-pins-5200/|https://www.polo.gr/bags/back2school/sakidia/el-backback-pins-6400/|https://www.polo.gr/bags/back2school/sakidia/el-backpack-pins-6700/|https://www.polo.gr/bags/back2school/sakidia/el-backpack-pins-7700/
901061,ΣΑΚΙΔΙΟ SPARKLE,4,8435|8436|8437|8438,ΚΑΣΕΤΙΝΑ RUBBER,,,901061-8435|901061-8436|901061-8437|901061-8438,,45.00,45.00,48,https://www.polo.gr/bags/back2school/sakidia/el-backback-sparkle-8435/|https://www.polo.gr/bags/back2school/sakidia/el-backback-sparkle-8436/|https://www.polo.gr/bags/back2school/sakidia/el-backback-sparkle-8437/|https://www.polo.gr/bags/back2school/sakidia/el-backback-sparkle-8438/
901062,ΣΑΚΙΔΙΟ GENIUS,3,2001|2300|5500,ΣΑΚΙΔΙΟ MULTI POCKET|ΣΑΚΙΔΙΟ URBINO,,,901062-2001|901062-2300|901062-5500,,45.00,45.00,36,https://www.polo.gr/bags/back2school/sakidia/el-backback-genius-2001/|https://www.polo.gr/bags/back2school/sakidia/el-backback-genius-2300/|https://www.polo.gr/bags/back2school/sakidia/el-backback-genius-5500/
901064,ΣΑΚΙΔΙΟ MULTI POCKET,4,2000|3919|4700|5000,ΣΑΚΙΔΙΟ PINS|ΣΑΚΙΔΙΟ FOCUS|ΚΑΣΕΤΙΝΑ ORIGINAL WALLET,,,901064-2000|901064-3919|901064-4700|901064-5000,,50.00,50.00,48,https://www.polo.gr/bags/back2school/sakidia/el-backpack-multi-pocket-2000/|https://www.polo.gr/bags/back2school/sakidia/el-backpack-multi-pocket-3919/|https://www.polo.gr/bags/back2school/sakidia/el-backpack-multi-pocket-4700/|https://www.polo.gr/bags/back2school/sakidia/el-backpack-multi-pocket-5000/
901067,ΣΑΚΙΔΙΟ MINI,10,2000|2033|2759|3001|3576|3938|4945|5000|5644|5853,ΚΑΣΕΤΙΝΑ ANIMALITY,,,901067-2000|901067-2033|901067-2759|901067-3001|901067-3576|901067-3938|901067-4945|901067-5000|901067-5644|901067-5853,,17.00,17.00,120,https://www.polo.gr/bags/back2school/nipiagogeiou/el-backback-mini-2000/|https://www.polo.gr/bags/back2school/nipiagogeiou/el-backback-mini-2033/|https://www.polo.gr/bags/back2school/nipiagogeiou/el-backback-mini-2759/|https://www.polo.gr/bags/back2school/nipiagogeiou/el-backpack-mini-3001/|https://www.polo.gr/bags/back2school/nipiagogeiou/el-backback-mini-3576/|https://www.polo.gr/bags/back2school/nipiagogeiou/el-backpack-mini-3938/|https://www.polo.gr/bags/back2school/nipiagogeiou/el-backpack-mini-4945/|https://www.polo.gr/bags/back2school/nipiagogeiou/el-backback-mini-5000/|https://www.polo.gr/bags/back2school/nipiagogeiou/el-backpack-mini-5644/|https://www.polo.gr/bags/back2school/nipiagogeiou/el-backpack-mini-5853/
901068,ΣΑΚΙΔΙΟ YOUNGSTER,4,8440|8441|8442|8443,ΚΑΣΕΤΙΝΑ RUBBER,,,901068-8440|901068-8441|901068-8442|901068-8443,,38.00,38.00,48,https://www.polo.gr/bags/back2school/sakidia/el-backback-youngster-8440/|https://www.polo.gr/bags/back2school/sakidia/el-backback-youngster-8441/|https://www.polo.gr/bags/back2school/sakidia/el-backback-youngster-8442/|https://www.polo.gr/bags/back2school/sakidia/el-backback-youngster-8443/
901072,ΣΑΚΙΔΙΟ KINETIC,4,8427|8428|8429|8430,ΚΑΣΕΤΙΝΑ KINETIC,,,901072-8427|901072-8428|901072-8429|901072-8430,,55.00,55.00,48,https://www.polo.gr/bags/back2school/sakidia/el-backpack-kinetic-8427/|https://www.polo.gr/bags/back2school/sakidia/el-backpack-kinetic-8428/|https://www.polo.gr/bags/back2school/sakidia/el-backpack-kinetic-8429/|https://www.polo.gr/bags/back2school/sakidia/el-backpack-kinetic-8430/
901074,ΣΑΚΙΔΙΟ TROLLEY CART,4,2000|4700|4800|5500,ΣΑΚΙΔΙΟ MULTI POCKET|LUNCH BAG OFFICE II|ZIP LOCK|BEAUTY CASE NECESSITY,,,901074-2000|901074-4700|901074-4800|901074-5500,,70.00,70.00,48,https://www.polo.gr/bags/back2school/trolei/el-backback-trolley-cart-2000/|https://www.polo.gr/bags/back2school/trolei/el-backback-trolley-cart-4700/|https://www.polo.gr/bags/back2school/trolei/el-backback-trolley-cart-4800/|https://www.polo.gr/bags/back2school/trolei/el-backback-trolley-cart-5500/
901075,ΣΑΚΙΔΙΟ POLO ’75,5,2000|2200|3000|4700|5100,ΠΑΓΟΥΡΙ THERMO 750ml|ZIP LOCK,,,901075-2000|901075-2200|901075-3000|901075-4700|901075-5100,,32.00,32.00,60,https://www.polo.gr/bags/back2school/sakidia/el-backback-polo-75-2000/|https://www.polo.gr/bags/back2school/sakidia/el-backback-polo-75-2200/|https://www.polo.gr/bags/back2school/sakidia/el-backback-polo-75-3000/|https://www.polo.gr/bags/back2school/sakidia/el-backback-polo-75-4700/|https://www.polo.gr/bags/back2school/sakidia/el-backback-polo-75-5100/
901076,ΣΑΚΙΔΙΟ WONDER,4,2001|2700|3300|4500,ΣΑΚΙΔΙΟ CRYPTIC|ΚΟΡΔΟΝΙ ΛΑΙΜΟΥ ΓΙΑ ΚΙΝΗΤΟ|ΜΠΡΕΛΟΚ ORIGINAL BAG,,,901076-2001|901076-2700|901076-3300|901076-4500,,50.00,50.00,48,https://www.polo.gr/bags/back2school/sakidia/el-backpack-wonder-2100/|https://www.polo.gr/bags/back2school/sakidia/el-backpack-wonder-2700/|https://www.polo.gr/bags/back2school/sakidia/el-backpack-wonder-3300/|https://www.polo.gr/bags/back2school/sakidia/el-backpack-wonder-4500/
901077,ΣΑΚΙΔΙΟ FUSION,4,8431|8432|8433|8434,ΚΑΣΕΤΙΝΑ FUSION,,,901077-8431|901077-8432|901077-8433|901077-8434,,55.00,55.00,48,https://www.polo.gr/bags/back2school/sakidia/el-backpack-fusion-8431/|https://www.polo.gr/bags/back2school/sakidia/el-backpack-fusion-8432/|https://www.polo.gr/bags/back2school/sakidia/el-backpack-fusion-8433/|https://www.polo.gr/bags/back2school/sakidia/el-backpack-fusion-8434/
901078,ΣΑΚΙΔΙΟ FOCUS,4,8115|8309|8411|8418,ΚΑΣΕΤΙΝΑ HANDLE,,,901078-8115|901078-8309|901078-8411|901078-8418,,45.00,45.00,48,https://www.polo.gr/bags/back2school/sakidia/el-backpack-focus-8115/|https://www.polo.gr/bags/back2school/sakidia/el-backpack-focus-8309/|https://www.polo.gr/bags/back2school/sakidia/el-backpack-focus-8411/|https://www.polo.gr/bags/back2school/sakidia/el-backpack-focus-8418/
901079,ΣΑΚΙΔΙΟ PATCHES,1,2000,,,,901079-2000,,45.00,45.00,12,https://www.polo.gr/bags/back2school/sakidia/el-backpack-patches-2000/
901080,ΣΑΚΙΔΙΟ ZIPPY,4,8444|8445|8446|8447,ΚΑΣΕΤΙΝΑ RUBBER,,,901080-8444|901080-8445|901080-8446|901080-8447,,45.00,45.00,48,https://www.polo.gr/bags/back2school/sakidia/el-backback-zippy-8444/|https://www.polo.gr/bags/back2school/sakidia/el-backback-zippy-8445/|https://www.polo.gr/bags/back2school/sakidia/el-backback-zippy-8446/|https://www.polo.gr/bags/back2school/sakidia/el-backback-zippy-8447/
901135,ΣΑΚΙΔΙΟ ORIGINAL SCARF,25,2000|2100|2276|2501|2545|2620|2900|3001|3576|3938|4438|4465|4532|4749|4945|5000|5638|5847|5945|6139|6500|6533|7059|7432|7565,ΠΑΓΟΥΡΙ THERMO 750ml|ΠΑΓΟΥΡΙ TRITAN WITH STRAP 600ML|ΚΑΣΕΤΙΝΑ BOX IV|ΚΑΣΕΤΙΝΑ WALLET|ΚΑΣΕΤΙΝΑ ORIGINAL WALLET,,,901135-2000|901135-2100|901135-2276|901135-2501|901135-2545|901135-2620|901135-2900|901135-3001|901135-3576|901135-3938|901135-4438|901135-4465|901135-4532|901135-4749|901135-4945|901135-5000|901135-5638|901135-5847|901135-5945|901135-6139|901135-6500|901135-6533|901135-7059|901135-7432|901135-7565,,28.00,28.00,300,https://www.polo.gr/bags/back2school/original-polo-bags/el-backback-original-scarf-2000/|https://www.polo.gr/bags/back2school/original-polo-bags/el-backback-original-scarf-2100/|https://www.polo.gr/bags/back2school/original-polo-bags/el-backback-original-scarf-2276/|https://www.polo.gr/bags/back2school/original-polo-bags/el-backback-original-scarf-2501/|https://www.polo.gr/bags/back2school/original-polo-bags/el-backback-original-scarf-2545/|https://www.polo.gr/bags/back2school/original-polo-bags/el-backpack-original-scarf-2620/|https://www.polo.gr/bags/back2school/original-polo-bags/el-backback-original-scarf-2900/|https://www.polo.gr/bags/back2school/original-polo-bags/el-backpack-original-scarf-3001/|https://www.polo.gr/bags/back2school/original-polo-bags/el-backback-original-scarf-3576/|https://www.polo.gr/bags/all-original-gr/one-tone-gr/el-backpack-original-scarf-3938/|https://www.polo.gr/bags/back2school/original-polo-bags/el-backpack-original-scarf-4438/|https://www.polo.gr/bags/back2school/original-polo-bags/el-backback-original-scarf-4465/|https://www.polo.gr/bags/back2school/original-polo-bags/el-backpack-original-scarf-4532/|https://www.polo.gr/bags/back2school/original-polo-bags/el-backpack-original-scarf-4749/|https://www.polo.gr/bags/back2school/original-polo-bags/el-backpack-original-scarf-4945/|https://www.polo.gr/bags/back2school/original-polo-bags/el-backback-original-scarf-5000/|https://www.polo.gr/bags/back2school/original-polo-bags/el-backback-original-scarf-5638/|https://www.polo.gr/bags/back2school/original-polo-bags/el-backback-original-scarf-5847/|https://www.polo.gr/bags/back2school/original-polo-bags/el-backback-original-scarf-5945/|https://www.polo.gr/bags/back2school/original-polo-bags/el-backpack-original-scarf-6139/|https://www.polo.gr/bags/back2school/original-polo-bags/el-backback-original-scarf-6500/|https://www.polo.gr/bags/back2school/original-polo-bags/el-backback-original-scarf-6533/|https://www.polo.gr/bags/back2school/original-polo-bags/el-backback-original-scarf-7059/|https://www.polo.gr/bags/back2school/original-polo-bags/el-backpack-original-scarf-7432/|https://www.polo.gr/bags/back2school/original-polo-bags/el-backback-original-scarf-7565/
901162,ΣΑΚΙΔΙΟ ORIGINAL SCARF GRADIENT,4,8413|8415|8416|8418,ΚΑΣΕΤΙΝΑ ORIGINAL WALLET V DEGR,,,901162-8413|901162-8415|901162-8416|901162-8418,,28.00,28.00,48,https://www.polo.gr/bags/back2school/original-polo-bags/el-original-scarf-gradient-8413/|https://www.polo.gr/bags/back2school/original-polo-bags/el-original-scarf-gradient-8415/|https://www.polo.gr/bags/back2school/original-polo-bags/el-original-scarf-gradient-8416/|https://www.polo.gr/bags/back2school/original-polo-bags/el-original-scarf-gradient-8418/
901235,ΣΑΚΙΔΙΟ ORIGINAL DOUBLE SCARF,19,2002|2620|2900|3000|3101|3324|3671|3947|4649|4859|5001|5100|5101|5644|5853|6357|6558|6848|6963,ΚΑΣΕΤΙΝΑ DUO BOX IV DOS|ΚΑΣΕΤΙΝΑ WALLET|ΠΑΓΟΥΡΙ THERMO 750ml,,,901235-2002|901235-2620|901235-2900|901235-3000|901235-3101|901235-3324|901235-3671|901235-3947|901235-4649|901235-4859|901235-5001|901235-5100|901235-5101|901235-5644|901235-5853|901235-6357|901235-6558|901235-6848|901235-6963,,38.00,38.00,228,https://www.polo.gr/bags/back2school/original-double-bags/el-backback-original-double-scarf-2002/|https://www.polo.gr/bags/back2school/original-double-bags/el-backpack-original-double-scarf-2620/|https://www.polo.gr/bags/back2school/original-double-bags/el-backback-original-double-scarf-2900/|https://www.polo.gr/bags/back2school/original-double-bags/el-backback-original-double-scarf-3000/|https://www.polo.gr/bags/back2school/original-double-bags/el-backback-original-double-scarf-3101/|https://www.polo.gr/bags/back2school/original-double-bags/el-backpack-original-double-scarf-3324/|https://www.polo.gr/bags/back2school/original-double-bags/el-backback-original-double-scarf-3671/|https://www.polo.gr/bags/back2school/original-double-bags/el-backpack-original-double-scarf-3947/|https://www.polo.gr/bags/back2school/original-double-bags/el-backpack-original-double-scarf-4649/|https://www.polo.gr/bags/back2school/original-double-bags/el-backpack-original-double-scarf-4859/|https://www.polo.gr/bags/back2school/original-double-bags/el-backback-original-double-scarf-5001/|https://www.polo.gr/bags/back2school/original-double-bags/el-backback-original-double-scarf-5100/|https://www.polo.gr/bags/back2school/original-double-bags/el-backback-original-double-scarf-5101/|https://www.polo.gr/bags/back2school/original-double-bags/el-backpack-original-double-scarf-5644/|https://www.polo.gr/bags/back2school/original-double-bags/el-backpack-original-double-scarf-5853/|https://www.polo.gr/bags/back2school/original-double-bags/el-backpack-original-double-scarf-6357/|https://www.polo.gr/bags/back2school/original-double-bags/el-backpack-original-double-scarf-6558/|https://www.polo.gr/bags/back2school/original-double-bags/el-backback-original-double-scarf-6848/|https://www.polo.gr/bags/back2school/original-double-bags/el-backpack-original-double-scarf-6963/
901243,ΣΑΚΙΔΙΟ BOLE (1000D),4,2001|2101|4500|48,ΣΑΚΙΔΙΟ WONDER|ΣΑΚΙΔΙΟ BOLE,,,901243-2001|901243-2101|901243-4500|901243-48,,36.00,36.00,48,https://www.polo.gr/bags/back2school/sakidia/el-backback-bole-2001/|https://www.polo.gr/bags/back2school/sakidia/el-backback-bole-2101/|https://www.polo.gr/bags/back2school/sakidia/el-backback-bole-4500/|https://www.polo.gr/bags/back2school/sakidia/el-backback-bole-48/
901262,ΣΑΚΙΔΙΟ ORIGINAL DOUBLE SCARF GRADIENT,4,8411|8412|8414|8417,ΚΑΣΕΤΙΝΑ ORIGINAL WALLET V DEGR|ΣΑΚΙΔΙΟ ORIGINAL DOUBLE SCARF,,,901262-8411|901262-8412|901262-8414|901262-8417,,38.00,38.00,48,https://www.polo.gr/bags/back2school/original-double-bags/el-original-double-scarf-gradient-8411/|https://www.polo.gr/bags/back2school/original-double-bags/el-original-double-scarf-gradient-8412/|https://www.polo.gr/bags/back2school/original-double-bags/el-original-double-scarf-gradient-8413/|https://www.polo.gr/bags/back2school/original-double-bags/el-original-double-scarf-gradient-8414/
902002,ΣΑΚΙΔΙΟ TECTONIC,1,2000,ΜΠΡΕΛΟΚ ORIGINAL BAG,,,902002-2000,,62.70,62.70,12,https://www.polo.gr/bags/urban/el-business-bags/el-tectonic-backback-2000/
902003,ΣΑΚΙΔΙΟ BOSTON,1,2000,ΜΠΡΕΛΟΚ ORIGINAL BAG,,,902003-2000,,49.50,49.50,12,https://www.polo.gr/bags/urban/el-business-bags/el-boston-backback-26-lt-2000/
902008,ΣΑΚΙΔΙΟ CHARGER,1,2000,ΜΠΡΕΛΟΚ ORIGINAL BAG,,,902008-2000,,61.60,61.60,12,https://www.polo.gr/bags/urban/el-business-bags/el-backback-charger-2000/
902009,ΣΑΚΙΔΙΟ PROOF,1,2000,ΜΠΡΕΛΟΚ ORIGINAL BAG,,,902009-2000,,48.40,48.40,12,https://www.polo.gr/bags/urban/el-business-bags/el-proof-backback-2000/
902010,ΣΑΚΙΔΙΟ TECHERA,1,2000,ΜΠΡΕΛΟΚ ORIGINAL BAG,,,902010-2000,,55.00,55.00,12,https://www.polo.gr/bags/urban/el-business-bags/el-techera-backback-2000/
902013,ΣΑΚΙΔΙΟ BOLE NG,2,2000|7900,ΜΠΡΕΛΟΚ ORIGINAL BAG,,,902013-2000|902013-7900,,48.40,48.40,24,https://www.polo.gr/bags/back2school/sakidia/el-backback-bole-ng-2000-2/|https://www.polo.gr/bags/back2school/sakidia/el-backback-bole-ng-7900/
902014,ΚΑΛΥΜΜΑ ΑΔΙΑΒΡΟΧΟ ΣΑΚΙΔΙΟΥ 20-35 lt,1,0000,ΜΠΡΕΛΟΚ ORIGINAL BAG,,,902014-0000,,8.00,8.00,6,https://www.polo.gr/bags/travel/el-travel-accessories/el-%ce%ba%ce%b1%ce%bb%cf%85%ce%bc%ce%bc%ce%b1-%ce%b1%ce%b4%ce%b9%ce%b1%ce%b2%cf%81%ce%bf%cf%87%ce%bf-%cf%83%ce%b1%ce%ba%ce%b9%ce%b4%ce%b9%ce%bf%cf%85-20-35-lt/
902015,ΚΑΛΥΜΜΑ ΑΔΙΑΒΡΟΧΟ ΣΑΚΙΔΙΟΥ 35-45 lt,1,0000,ΜΠΡΕΛΟΚ ORIGINAL BAG,,,902015-0000,,9.00,9.00,6,https://www.polo.gr/bags/travel/el-travel-accessories/el-raincover-backpack-35-45-lt/
902016,ΚΑΛΥΜΜΑ ΑΔΙΑΒΡΟΧΟ ΣΑΚΙΔΙΟΥ 45-60 lt,1,0000,ΜΠΡΕΛΟΚ ORIGINAL BAG,,,902016-0000,,10.00,10.00,6,https://www.polo.gr/bags/travel/el-travel-accessories/el-raincover-backpack-45-60-lt/
902017,ΚΑΛΥΜΜΑ ΑΔΙΑΒΡΟΧΟ ΣΑΚΙΔΙΟΥ 60-70 lt,1,0000,ΜΠΡΕΛΟΚ ORIGINAL BAG,,,902017-0000,,11.00,11.00,6,https://www.polo.gr/bags/travel/el-travel-accessories/el-raincover-backpack-60-70-lt/
902018,ΣΑΚΙΔΙΟ CAPITAL,2,2000|2300,ΜΠΡΕΛΟΚ ORIGINAL BAG|ΣΑΚΙΔΙΟ PRESTOR,,,902018-2000|902018-2300,,44.00,44.00,20,https://www.polo.gr/bags/urban/el-business-bags/el-backback-capital-2000/|https://www.polo.gr/bags/urban/el-business-bags/el-backback-capital-2300/
902021,ΣΑΚΙΔΙΟ STRIC,1,2100,ZIP LOCK,,,902021-2100,,61.60,61.60,12,https://www.polo.gr/bags/urban/el-business-bags/el-backpack-stric-2100/
902023,ΣΑΚΙΔΙΟ STYLLER,5,2000|42|5000|8263|8264,ΜΠΡΕΛΟΚ ORIGINAL BAG|ΣΑΚΙΔΙΟ ELMOR,,,902023-2000|902023-42|902023-5000|902023-8263|902023-8264,,33.00,33.00,60,https://www.polo.gr/bags/urban/urban-bag/el-styller-backback-2000/|https://www.polo.gr/bags/urban/urban-bag/el-styller-backback-42/|https://www.polo.gr/bags/urban/urban-bag/el-styller-backback-5000/|https://www.polo.gr/bags/urban/urban-bag/el-styller-backback-8263/|https://www.polo.gr/bags/urban/urban-bag/el-styller-backback-8264/
902026,ΣΑΚΙΔΙΟ TIDE,1,2900,ΣΑΚΙΔΙΟ OFFPIST,,,902026-2900,,48.40,48.40,12,https://www.polo.gr/bags/urban/urban-bag/el-backback-tide-2900/
902033,ΣΑΚΙΔΙΟ BLOCK,2,2200|3500,ΜΠΡΕΛΟΚ ORIGINAL BAG|COFFEE MUG 350ML,,,902033-2200|902033-3500,,39.60,39.60,24,https://www.polo.gr/bags/urban/urban-bag/el-block-2200/|https://www.polo.gr/bags/urban/urban-bag/el-block-3500/
902034,ΣΑΚΙΔΙΟ RESISTENTE,1,2000,ΜΠΡΕΛΟΚ ORIGINAL BAG,,,902034-2000,,55.00,55.00,10,https://www.polo.gr/bags/urban/el-business-bags/el-backback-resistente-2000/
902035,ΣΑΚΙΔΙΟ CUBIK,1,2000,ΜΠΡΕΛΟΚ ORIGINAL BAG,,,902035-2000,,55.00,55.00,12,https://www.polo.gr/bags/urban/el-business-bags/el-cubik-backback-2000/
902036,ΣΑΚΙΔΙΟ ZENITH,1,2100,ΣΑΚΙΔΙΟ CORVEN,,,902036-2100,,55.00,55.00,11,https://www.polo.gr/bags/urban/el-business-bags/el-zenith-backback-2100/
902038,ΣΑΚΙΔΙΟ AIRY 10LT,3,2001|3001|4801,ΜΠΡΕΛΟΚ ORIGINAL BAG|ΣΑΚΙΔΙΟ MINI|ΣΑΚΙΔΙΟ MINI DANTELA,,,902038-2001|902038-3001|902038-4801,,11.00,11.00,35,https://www.polo.gr/bags/urban/urban-bag/el-backback-airy-10lt-2000/|https://www.polo.gr/bags/travel/sakidia-travel/el-backback-airy-10lt-3001/|https://www.polo.gr/bags/travel/sakidia-travel/el-backback-airy-10lt-4801/
902039,ΣΑΚΙΔΙΟ AIRY 20LT,6,2001|3001|4801|5501|5801|6901,ΜΠΡΕΛΟΚ ORIGINAL BAG,,,902039-2001|902039-3001|902039-4801|902039-5501|902039-5801|902039-6901,,13.20,13.20,72,https://www.polo.gr/bags/travel/sakidia-travel/el-backback-airy-20lt-2000/|https://www.polo.gr/bags/travel/sakidia-travel/el-backback-airy-20lt-3000/|https://www.polo.gr/bags/travel/sakidia-travel/el-backback-airy-20lt-4800/|https://www.polo.gr/bags/travel/sakidia-travel/el-backback-airy-20lt-5500/|https://www.polo.gr/bags/travel/sakidia-travel/el-backback-airy-20lt-5800/|https://www.polo.gr/bags/urban/urban-bag/el-backback-airy-20lt-6901/
902041,ΣΑΚΙΔΙΟ GECKO,4,2001|2700|3800|8327,ZIP LOCK|ΜΠΡΕΛΟΚ ORIGINAL BAG|COFFEE MUG 350ML,,,902041-2001|902041-2700|902041-3800|902041-8327,,44.00,44.00,48,https://www.polo.gr/bags/urban/women-bag/el-backback-gecko-2001/|https://www.polo.gr/bags/urban/women-bag/el-backback-gecko-2700/|https://www.polo.gr/bags/urban/women-bag/el-backback-gecko-3800/|https://www.polo.gr/bags/urban/women-bag/el-backback-gecko-8327/
902044,ΣΑΚΙΔΙΟ SQUAD L,3,2000|5501|6501,ΜΠΡΕΛΟΚ ORIGINAL BAG,,,902044-2000|902044-5501|902044-6501,,61.60,61.60,36,https://www.polo.gr/bags/urban/urban-bag/el-backback-squad-l-2000/|https://www.polo.gr/bags/urban/el-backback-squad-l-5501/|https://www.polo.gr/bags/urban/el-backback-squad-l-6501/
902045,ΣΑΚΙΔΙΟ NOMAD 35L,1,3000,ΜΠΡΕΛΟΚ ORIGINAL BAG,,,902045-3000,,80.00,80.00,6,https://www.polo.gr/bags/travel/sakidia-travel/el-nomad-35l-3000/
902046,ΣΑΚΙΔΙΟ NOMAD 45L,1,3000,ΜΠΡΕΛΟΚ ORIGINAL BAG,,,902046-3000,,104.00,104.00,7,https://www.polo.gr/bags/travel/sakidia-travel/el-nomad-45l-3000/
902047,ΣΑΚΙΔΙΟ NOMAD 60L,1,3000,ΜΠΡΕΛΟΚ ORIGINAL BAG,,,902047-3000,,114.00,114.00,7,https://www.polo.gr/bags/travel/sakidia-travel/el-nomad-60l-3000/
902048,ΣΑΚΙΔΙΟ NOMAD 70L,3,2000|3000|6500,ΜΠΡΕΛΟΚ ORIGINAL BAG,,,902048-2000|902048-3000|902048-6500,,122.00,122.00,26,https://www.polo.gr/bags/travel/sakidia-travel/el-nomad-70l-2000/|https://www.polo.gr/bags/travel/sakidia-travel/el-nomad-70l-3000/|https://www.polo.gr/bags/travel/sakidia-travel/el-nomad-70l-6500/
902050,ΣΑΚΙΔΙΟ OFFPIST,4,2000|2900|3000|5800,ΜΠΡΕΛΟΚ ORIGINAL BAG|ZIP LOCK,,,902050-2000|902050-2900|902050-3000|902050-5800,,0.00,48.00,37,https://www.polo.gr/bags/back2school/sakidia/el-backback-offpist-2000-050/|https://www.polo.gr/bags/back2school/sakidia/el-backback-offpist-2900-050/|https://www.polo.gr/bags/back2school/sakidia/el-backback-offpist-3000-050/|https://www.polo.gr/bags/back2school/sakidia/el-backback-offpist-5800-050/
902059,ΣΑΚΙΔΙΟ BUSY,2,2000|5000,ΜΠΡΕΛΟΚ ORIGINAL BAG|ZIP LOCK,,,902059-2000|902059-5000,,57.20,57.20,24,https://www.polo.gr/bags/urban/el-business-bags/el-backback-busy-2000/|https://www.polo.gr/bags/urban/el-business-bags/el-backback-busy-5000/
902060,ΣΑΚΙΔΙΟ NOIR,1,2000,ΣΑΚΙΔΙΟ DANTELA,,,902060-2000,,52.80,52.80,8,https://www.polo.gr/bags/urban/urban-bag/el-backback-noir-2000/
902061,ΣΑΚΙΔΙΟ MINI NOIR,1,2000,ΣΑΚΙΔΙΟ MINI DANTELA,,,902061-2000,,46.20,46.20,7,https://www.polo.gr/bags/urban/urban-bag/el-backback-mini-noir-2000/
902062,ΣΑΚΙΔΙΟ BREEZE,2,2300|6600,THERMO MUG INOX 900ML|ΜΠΡΕΛΟΚ ORIGINAL BAG,,,902062-2300|902062-6600,,53.90,53.90,23,https://www.polo.gr/bags/urban/urban-bag/el-backback-breeze-2300/|https://www.polo.gr/bags/urban/urban-bag/el-backback-breeze-6600/
902063,ΣΑΚΙΔΙΟ VOID,1,6600,ΣΑΚΙΔΙΟ QUEST -S-,,,902063-6600,,55.00,55.00,10,https://www.polo.gr/bags/urban/urban-bag/el-backback-void-6600/
902064,ΣΑΚΙΔΙΟ ROAMER,2,2000|3500,ΜΠΡΕΛΟΚ ORIGINAL BAG|ΣΑΚΙΔΙΟ VERTZIP,,,902064-2000|902064-3500,,55.00,55.00,24,https://www.polo.gr/bags/urban/urban-bag/el-backback-roamer-2000/|https://www.polo.gr/bags/urban/urban-bag/el-backback-roamer-3500/
902065,ΣΑΚΙΔΙΟ ALLURE,2,6900|7400,ΜΠΡΕΛΟΚ ORIGINAL BAG|THERMO MUG INOX 900ML,,,902065-6900|902065-7400,,52.80,52.80,23,https://www.polo.gr/bags/urban/urban-bag/el-backback-allure-6900/|https://www.polo.gr/bags/urban/urban-bag/el-backback-allure-7400/
902066,ΣΑΚΙΔΙΟ QUEST -S-,2,2000|6501,ΜΠΡΕΛΟΚ ORIGINAL BAG,,,902066-2000|902066-6501,,52.80,52.80,24,https://www.polo.gr/bags/urban/urban-bag/el-backback-quest-s-2000/|https://www.polo.gr/bags/urban/urban-bag/el-backback-quest-s-6501/
902067,ΣΑΚΙΔΙΟ QUEST -L-,1,2000,ΜΠΡΕΛΟΚ ORIGINAL BAG,,,902067-2000,,57.20,57.20,12,https://www.polo.gr/bags/urban/urban-bag/el-backback-quest-l-2000/
902069,ΣΑΚΙΔΙΟ LAPTOP,1,2000,ΜΠΡΕΛΟΚ ORIGINAL BAG,,,902069-2000,,44.00,44.00,12,https://www.polo.gr/bags/urban/el-business-bags/el-laptop-backback-2000-2/
902072,ΣΑΚΙΔΙΟ ESSENCE,1,2039,ΜΠΡΕΛΟΚ ORIGINAL BAG,,,902072-2039,,57.20,57.20,12,https://www.polo.gr/bags/urban/el-business-bags/el-backback-essence-2039/
902073,ΣΑΚΙΔΙΟ ELMOR,3,2022|5100|6522,ΜΠΡΕΛΟΚ ORIGINAL BAG,,,902073-2022|902073-5100|902073-6522,,33.00,33.00,36,https://www.polo.gr/bags/urban/urban-bag/el-backpack-elmor-2022/|https://www.polo.gr/bags/urban/urban-bag/el-backpack-elmor-5100/|https://www.polo.gr/bags/back2school/sakidia/el-backpack-elmor-6522/
902074,ΣΑΚΙΔΙΟ DANTELA,2,2000|3400,ΜΠΡΕΛΟΚ ORIGINAL BAG|ZIP LOCK,,,902074-2000|902074-3400,,40.80,40.80,23,https://www.polo.gr/bags/urban/women-bag/el-backpack-dantela-2000-2/|https://www.polo.gr/bags/urban/women-bag/el-backpack-dantela-3400-2/
902075,ΣΑΚΙΔΙΟ GRIDON,4,2000|4800|5100|7700,ΣΑΚΙΔΙΟ LUMIRA|ΜΠΡΕΛΟΚ ORIGINAL BAG|ΣΑΚΙΔΙΟ FENNEC|ΣΑΚΙΔΙΟ CHIQUA,,,902075-2000|902075-4800|902075-5100|902075-7700,,34.80,34.80,46,https://www.polo.gr/bags/urban/women-bag/el-backpack-gridon-2000/|https://www.polo.gr/bags/urban/women-bag/el-backpack-gridon-4800/|https://www.polo.gr/bags/urban/women-bag/el-backpack-gridon-5100/|https://www.polo.gr/bags/urban/women-bag/el-backpack-gridon-7700/
902076,ΣΑΚΙΔΙΟ FENNEC,2,2000|5200,ΣΑΚΙΔΙΟ SOFTIE|ZIP LOCK,,,902076-2000|902076-5200,,40.80,40.80,24,https://www.polo.gr/bags/urban/women-bag/el-backpack-fennec-2000-2/|https://www.polo.gr/bags/urban/women-bag/el-backpack-fennec-5200-2/
902077,ΣΑΚΙΔΙΟ SOFTIE,2,2000|7600,ΣΑΚΙΔΙΟ GRIDON|ΣΑΚΙΔΙΟ CHIQUA,,,902077-2000|902077-7600,,28.60,28.60,24,https://www.polo.gr/bags/urban/women-bag/el-backpack-softie-2000/|https://www.polo.gr/bags/urban/women-bag/el-backpack-softie-7600/
902078,ΣΑΚΙΔΙΟ URBINO,2,2000|2200,,,,902078-2000|902078-2200,,57.20,57.20,24,https://www.polo.gr/bags/back2school/sakidia/el-backpack-urbino-2000/|https://www.polo.gr/bags/back2school/sakidia/el-backpack-urbino-2200/
902079,ΣΑΚΙΔΙΟ VERTZIP,2,2000|2200,ΣΑΚΙΔΙΟ PATCHES,,,902079-2000|902079-2200,,48.40,48.40,24,https://www.polo.gr/bags/back2school/sakidia/el-backpack-vertzip-2000/|https://www.polo.gr/bags/urban/urban-bag/el-backpack-vertzip-2200/
902080,ΣΑΚΙΔΙΟ HYDRON,2,2000|2700,ΣΑΚΙΔΙΟ URBINO|ΜΠΡΕΛΟΚ ORIGINAL BAG,,,902080-2000|902080-2700,,62.90,62.90,24,https://www.polo.gr/bags/back2school/sakidia/el-backpack-hydron-2000/|https://www.polo.gr/bags/back2school/sakidia/el-backpack-hydron-2700/
902081,ΣΑΚΙΔΙΟ CORVEN,1,2000,ΜΠΡΕΛΟΚ ORIGINAL BAG,,,902081-2000,,56.80,56.80,12,https://www.polo.gr/bags/urban/el-business-bags/el-backpack-corven-2000/
902082,ΣΑΚΙΔΙΟ PRESTOR,1,2100,ΜΠΡΕΛΟΚ ORIGINAL BAG,,,902082-2100,,46.20,46.20,12,https://www.polo.gr/bags/urban/el-business-bags/el-backpack-prestor-2100/
902083,ΣΑΚΙΔΙΟ DERVON,1,2000,ΜΠΡΕΛΟΚ ORIGINAL BAG,,,902083-2000,,44.50,44.50,12,https://www.polo.gr/bags/urban/el-business-bags/el-backpack-dervon-2000/
902271,ΣΑΚΙΔΙΟ HYDRITION ΜΕ ΘΗΚΗ ΑΣΚΟΥ,3,3000|6000|7300,ΜΠΡΕΛΟΚ ORIGINAL BAG,,,902271-3000|902271-6000|902271-7300,,30.00,30.00,36,https://www.polo.gr/bags/travel/sakidia-travel/el-backback-hydrition-3000/|https://www.polo.gr/bags/travel/sakidia-travel/el-backback-hydrition-6000/|https://www.polo.gr/bags/travel/sakidia-travel/el-backback-hydrition-7300/
907007,ΤΣΑΝΤΑ ΩΜΟΥ STRIKE S,2,2000|2002,ΜΠΡΕΛΟΚ ORIGINAL BAG,,,907007-2000|907007-2002,,17.60,17.60,12,https://www.polo.gr/bags/urban/shoulder-bag/el-shoulder-bag-strike-s-2000/|https://www.polo.gr/bags/urban/shoulder-bag/el-shoulder-bag-strike-s-2002/
907008,ΤΣΑΝΤΑ ΩΜΟΥ STRIKE L,2,2000|2002,ΜΠΡΕΛΟΚ ORIGINAL BAG,,,907008-2000|907008-2002,,19.80,19.80,12,https://www.polo.gr/bags/urban/shoulder-bag/el-shoulder-bag-strike-l-2000/|https://www.polo.gr/bags/urban/shoulder-bag/el-shoulder-bag-strike-l-2002/
907016,ΤΣΑΝΤΑ ΩΜΟΥ CROSSOVER,1,2000,ΜΠΡΕΛΟΚ ORIGINAL BAG,,,907016-2000,,22.00,22.00,7,https://www.polo.gr/bags/urban/el-urban-chest-bags/el-shoulder-bag-crossover-2000/
907017,ΤΣΑΝΤΑ ΩΜΟΥ CRUZ,1,2000,ΜΠΡΕΛΟΚ ORIGINAL BAG,,,907017-2000,,22.00,22.00,7,https://www.polo.gr/bags/urban/el-urban-chest-bags/el-shoulder-bag-cruz-2000/
907018,ΣΑΚΙΔΙΟ PURE,3,2000|2300|5100,ΜΠΡΕΛΟΚ ORIGINAL BAG,,,907018-2000|907018-2300|907018-5100,,33.00,33.00,35,https://www.polo.gr/bags/urban/women-bag/el-backback-pure-2000/|https://www.polo.gr/bags/urban/women-bag/el-backpack-pure-2300/|https://www.polo.gr/bags/urban/women-bag/el-backpack-pure-5100/
907021,ΣΑΚΙΔΙΟ DORA,2,2000|7900,ΣΑΚΙΔΙΟ SOFTIE,,,907021-2000|907021-7900,,33.00,33.00,24,https://www.polo.gr/bags/urban/women-bag/el-backpack-dora-2000/|https://www.polo.gr/bags/urban/women-bag/el-backpack-dora-7900/
907027,ΤΣΑΝΤΑ ΩΜΟΥ BANDIT,1,2000,ΜΠΡΕΛΟΚ ORIGINAL BAG,,,907027-2000,,25.00,25.00,6,https://www.polo.gr/bags/urban/shoulder-bag/el-shoulder-bag-bandit-2000/
907031,ΤΣΑΝΤΑ ΩΜΟΥ DON L,1,2000,ΜΠΡΕΛΟΚ ORIGINAL BAG,,,907031-2000,,22.00,22.00,5,https://www.polo.gr/bags/urban/shoulder-bag/el-shoulder-bag-don-l-2000/
907032,ΤΣΑΝΤΑ ΩΜΟΥ DON S,1,2000,ΜΠΡΕΛΟΚ ORIGINAL BAG,,,907032-2000,,19.80,19.80,5,https://www.polo.gr/bags/urban/shoulder-bag/el-shoulder-bag-don-s-2000/
907033,ΤΣΑΝΤΑ ΩΜΟΥ VERTIGO,1,7900,ΜΠΡΕΛΟΚ ORIGINAL BAG,,,907033-7900,,19.80,19.80,5,https://www.polo.gr/bags/urban/shoulder-bag/el-shoulder-bag-vertigo-7900/
907037,ΣΑΚΙΔΙΟ MINI GECKO,3,2001|8326|8327,ΣΑΚΙΔΙΟ MINI DANTELA|ΣΑΚΙΔΙΟ MINI FENNEC,,,907037-2001|907037-8326|907037-8327,,30.80,30.80,33,https://www.polo.gr/bags/urban/women-bag/el-backback-mini-gecko-2001/|https://www.polo.gr/bags/urban/women-bag/el-backback-mini-gecko-8326/|https://www.polo.gr/bags/urban/women-bag/el-backback-mini-gecko-8327/
907041,ΤΣΑΝΤΑ ΣΤΗΘΟΥΣ TRAP,1,2900,ΜΠΡΕΛΟΚ ORIGINAL BAG,,,907041-2900,,11.00,11.00,5,https://www.polo.gr/bags/camo/el-tsanta-stithous-trap-2900/
907043,ΤΣΑΝΤΑΚΙ ΩΜΟΥ STREAM,4,8206|8208|8330|8331,ΤΣΑΝΤΑΚΙ STREAM,,,907043-8206|907043-8208|907043-8330|907043-8331,,20.90,20.90,35,https://www.polo.gr/bags/urban/el-stream-shoulder-bag-8206/|https://www.polo.gr/bags/urban/el-stream-shoulder-bag-8208/|https://www.polo.gr/bags/urban/shoulder-bag/el-stream-shoulder-bag-8330/|https://www.polo.gr/bags/urban/shoulder-bag/el-stream-shoulder-bag-8331/
907049,ΣΑΚΙΔΙΟ LYDIA,2,8332|8333,ΣΑΚΙΔΙΟ MINI FENNEC,,,907049-8332|907049-8333,,33.00,33.00,18,https://www.polo.gr/bags/urban/women-bag/el-backback-lydia-8332/|https://www.polo.gr/bags/urban/women-bag/el-backback-lydia-8333/
907050,ΤΣΑΝΤΑ LYDIA,4,8241|8242|8332|8333,ΤΣΑΝΤΑ SEYA,,,907050-8241|907050-8242|907050-8332|907050-8333,,33.00,33.00,40,https://www.polo.gr/bags/urban/women-bag/el-bag-lydia-8241/|https://www.polo.gr/bags/urban/women-bag/el-bag-lydia-8242/|https://www.polo.gr/bags/urban/women-bag/el-bag-lydia-8332/|https://www.polo.gr/bags/urban/women-bag/el-bag-lydia-8333/
907052,ΤΣΑΝΤΑΚΙ 2MINI Ι,8,2001|8321|8322|8323|8324|8325|8326|8327,ΜΠΡΕΛΟΚ ORIGINAL BAG|ΣΑΚΙΔΙΟ MINI GECKO,,,907052-2001|907052-8321|907052-8322|907052-8323|907052-8324|907052-8325|907052-8326|907052-8327,,18.00,18.00,96,https://www.polo.gr/bags/urban/women-bag/el-2mini-bag-2001/|https://www.polo.gr/bags/urban/women-bag/el-2mini-bag-8321/|https://www.polo.gr/bags/urban/women-bag/el-2mini-bag-8322/|https://www.polo.gr/bags/urban/women-bag/el-2mini-bag-8323/|https://www.polo.gr/bags/urban/women-bag/el-2mini-bag-8324/|https://www.polo.gr/bags/urban/women-bag/el-2mini-bag-8325/|https://www.polo.gr/bags/urban/women-bag/el-2mini-bag-8326/|https://www.polo.gr/bags/urban/women-bag/el-2mini-bag-8327/
907061,LUNCH BAG OFFICE II,3,2000|4700|5001,ΜΠΡΕΛΟΚ ORIGINAL BAG|ΤΣΑΝΤΑ ΦΑΓΗΤΟΥ DOUBLE COOLER,,,907061-2000|907061-4700|907061-5001,,14.00,14.00,22,https://www.polo.gr/bags/back2school/el-back2school-food-accessories/el-lunch-bag-office-ii-2000/|https://www.polo.gr/bags/back2school/el-back2school-food-accessories/el-lunch-bag-office-ii-4700/|https://www.polo.gr/bags/back2school/el-back2school-food-accessories/el-lunch-bag-office-ii-5001-2/
907062,ΣΑΚΙΔΙΟ MAJESTIC,2,5100|7402,ΣΑΚΙΔΙΟ MINI SEYA,,,907062-5100|907062-7402,,36.30,36.30,14,https://www.polo.gr/bags/urban/women-bag/el-backback-majestic-5100/|https://www.polo.gr/bags/urban/women-bag/el-backback-majestic-7402/
907064,ΣΑΚΙΔΙΟ NADINA NG,3,2002|3300|7403,ΣΑΚΙΔΙΟ CHIQUA|ΜΠΡΕΛΟΚ ORIGINAL BAG,,,907064-2002|907064-3300|907064-7403,,36.30,36.30,25,https://www.polo.gr/bags/urban/women-bag/el-backpack-nadina-ng-2002/|https://www.polo.gr/bags/urban/women-bag/el-backpack-nadina-ng-3300/|https://www.polo.gr/bags/urban/women-bag/el-backpack-nadina-ng-7403/
907065,ΤΣΑΝΤΑ ΣΤΗΘΟΥΣ AURORA,2,3300|7403,ΤΣΑΝΤΑΚΙ LUMIRA|ΣΑΚΙΔΙΟ CHIQUA,,,907065-3300|907065-7403,,30.80,30.80,13,https://www.polo.gr/bags/urban/women-bag/%cf%84%cf%83%ce%b1%ce%bd%cf%84%ce%b1-%cf%83%cf%84%ce%b7%ce%b8%ce%bf%cf%85%cf%83-aurora-2/|https://www.polo.gr/bags/urban/women-bag/%cf%84%cf%83%ce%b1%ce%bd%cf%84%ce%b1-%cf%83%cf%84%ce%b7%ce%b8%ce%bf%cf%85%cf%83-aurora-3/
907070,ΤΣΑΝΤΑΚΙ ΩΜΟΥ VERTICAL-S,1,2000,ΜΠΡΕΛΟΚ ORIGINAL BAG,,,907070-2000,,19.80,19.80,5,https://www.polo.gr/bags/urban/shoulder-bag/el-vertical-070-2000/
907071,ΤΣΑΝΤΑΚΙ ΩΜΟΥ VERTICAL-M,1,2000,ΜΠΡΕΛΟΚ ORIGINAL BAG,,,907071-2000,,22.00,22.00,6,https://www.polo.gr/bags/urban/shoulder-bag/el-vertical-071-2000/
907072,ΤΣΑΝΤΑΚΙ ΩΜΟΥ VERTICAL-L,1,2000,ΜΠΡΕΛΟΚ ORIGINAL BAG,,,907072-2000,,24.20,24.20,5,https://www.polo.gr/bags/urban/shoulder-bag/el-vertical-072-2000/
907080,ΣΑΚΙΔΙΟ VINTAGE,4,3052|4052|6873|7068,ZIP LOCK,,,907080-3052|907080-4052|907080-6873|907080-7068,,22.00,22.00,48,https://www.polo.gr/bags/back2school/nipiagogeiou/el-backback-vintage-3052/|https://www.polo.gr/bags/back2school/nipiagogeiou/el-backback-vintage-4052/|https://www.polo.gr/bags/back2school/nipiagogeiou/el-backback-vintage-6873/|https://www.polo.gr/bags/back2school/nipiagogeiou/el-backback-vintage-7068/
907086,ΣΑΚΙΔΙΟ PICCOLINO,4,8392|8393|8394|8395,ΚΑΣΕΤΙΝΑ ANIMALITY,,,907086-8392|907086-8393|907086-8394|907086-8395,,28.00,28.00,39,https://www.polo.gr/bags/back2school/nipiagogeiou/el-backpack-piccolino-8392/|https://www.polo.gr/bags/back2school/nipiagogeiou/el-backpack-piccolino-8393/|https://www.polo.gr/bags/back2school/nipiagogeiou/el-backpack-piccolino-8394/|https://www.polo.gr/bags/back2school/nipiagogeiou/el-backpack-piccolino-8395/
907087,ΣΑΚΙΔΙΟ MINI ESSENCE,1,2039,ΣΑΚΙΔΙΟ MINI DANTELA,,,907087-2039,,33.00,33.00,8,https://www.polo.gr/bags/urban/women-bag/1-el-backpack-mini-essence-2039/
907088,ΧΑΡΤΟΦΥΛΑΚΑΣ ESSENCE,1,2039,THERMO MUG INOX 900ML,,,907088-2039,,35.20,35.20,8,https://www.polo.gr/bags/urban/xartofilakas/el-briefcase-essence-2039/
907089,ΧΑΡΤΟΦΥΛΑΚΑΣ ELEMENT,1,2000,ΜΠΡΕΛΟΚ ORIGINAL BAG,,,907089-2000,,35.20,35.20,7,https://www.polo.gr/bags/urban/xartofilakas/el-briefcase-element-2000/
907095,ΤΣΑΝΤΑ SEYA,2,8485|8486,ΜΠΡΕΛΟΚ ORIGINAL BAG,,,907095-8485|907095-8486,,37.40,37.40,17,https://www.polo.gr/bags/urban/women-bag/el-bag-seya-8485/|https://www.polo.gr/bags/urban/women-bag/el-bag-seya-8486/
907096,ΤΣΑΝΤΑ ΦΑΓΗΤΟΥ DOUBLE COOLER,4,2000|3001|5000|6848,LUNCH BAG OFFICE II|COFFEE MUG 350ML|LUNCH BAG COOLMI,,,907096-2000|907096-3001|907096-5000|907096-6848,,22.00,22.00,48,https://www.polo.gr/bags/back2school/el-back2school-food-accessories/el-lunch-bag-double-cooler-2000/|https://www.polo.gr/bags/back2school/el-back2school-food-accessories/el-mini-bag-double-cooler-3001/|https://www.polo.gr/bags/back2school/el-back2school-food-accessories/el-mini-bag-double-cooler-5000/|https://www.polo.gr/bags/back2school/el-back2school-food-accessories/el-lunch-bag-double-cooler-6848/
907097,ΤΣΑΝΤΑΚΙ SEYA,2,8485|8486,ΤΣΑΝΤΑ ΠΟΥΓΚΙ SEYA,,,907097-8485|907097-8486,,27.50,27.50,12,https://www.polo.gr/bags/urban/women-bag/el-mini-bag-seya-8485/|https://www.polo.gr/bags/urban/women-bag/el-mini-bag-seya-8486/
907098,ΤΣΑΝΤΑΚΙ LUMIRA,2,2000|3919,ΣΑΚΙΔΙΟ LUMIRA,,,907098-2000|907098-3919,,30.80,30.80,16,https://www.polo.gr/bags/urban/women-bag/el-backpack-lumira-2000-2/|https://www.polo.gr/bags/urban/women-bag/el-backpack-lumira-3919-2/
907099,ΘΗΚΗ ΓΙΑ LAPTOP ELYRO,2,2000|2300,ΜΠΡΕΛΟΚ ORIGINAL BAG,,,907099-2000|907099-2300,,19.14,19.14,10,https://www.polo.gr/bags/urban/xartofilakas/el-case-for-laptop-elyro-2000/|https://www.polo.gr/bags/urban/xartofilakas/el-case-for-laptop-elyro-2300/
907101,ΤΣΑΝΤΑΚΙ ΩΜΟΥ WAVE,3,2002|2900|3300,ΤΣΑΝΤΑΚΙ OCTANE|ΜΠΡΕΛΟΚ ORIGINAL BAG|COFFEE MUG 350ML,,,907101-2002|907101-2900|907101-3300,,18.70,18.70,21,https://www.polo.gr/bags/urban/shoulder-bag/el-wave-shoulder-bag-2002/|https://www.polo.gr/bags/urban/shoulder-bag/el-wave-shoulder-bag-2900/|https://www.polo.gr/bags/urban/shoulder-bag/el-wave-shoulder-bag-3300/
907105,ΤΣΑΝΤΑ ΠΟΥΓΚΙ SEYA,2,8485|8486,ΤΣΑΝΤΑΚΙ SEYA|ΣΑΚΙΔΙΟ MINI SEYA,,,907105-8485|907105-8486,,37.40,37.40,12,https://www.polo.gr/bags/urban/women-bag/el-pouch-bag-seya-8485/|https://www.polo.gr/bags/urban/women-bag/el-pouch-bag-seya-8486/
907106,ΧΑΡΤΟΦΥΛΑΚΑΣ PRESTOR,1,2100,ΜΠΡΕΛΟΚ ORIGINAL BAG,,,907106-2100,,22.00,22.00,6,https://www.polo.gr/bags/urban/xartofilakas/el-briefcase-prestor-2100/
907110,ΤΣΑΝΤΑΚΙ ΩΜΟΥ X CASE-L,1,2000,ΜΠΡΕΛΟΚ ORIGINAL BAG,,,907110-2000,,22.00,22.00,5,https://www.polo.gr/bags/urban/shoulder-bag/el-x-case-l-shoulder-bag-2000/
907111,ΤΣΑΝΤΑΚΙ ΩΜΟΥ X CASE-S,1,2000,ΜΠΡΕΛΟΚ ORIGINAL BAG,,,907111-2000,,19.80,19.80,5,https://www.polo.gr/bags/urban/shoulder-bag/el-x-case-s-shoulder-bag-2000/
907119,ΤΣΑΝΤΑΚΙ ΩΜΟΥ X-CROSS GUN,1,2000,ΜΠΡΕΛΟΚ ORIGINAL BAG,,,907119-2000,,27.00,27.00,7,https://www.polo.gr/bags/urban/el-urban-chest-bags/el-x-cross-gun-shoulder-bag-2000/
907134,ΤΣΑΝΤΑΚΙ ΩΜΟΥ CROSSWIDE,1,2000,ΜΠΡΕΛΟΚ ORIGINAL BAG,,,907134-2000,,32.00,32.00,5,https://www.polo.gr/bags/urban/el-urban-chest-bags/el-crosswide-shoulder-bag-2000/
907139,ΤΣΑΝΤΑΚΙ PRESTOR,1,2100,ΤΣΑΝΤΑΚΙ DOMINUS,,,907139-2100,,17.20,17.20,7,https://www.polo.gr/bags/urban/shoulder-bag/el-mini-bag-prestor-2100/
907144,ΤΣΑΝΤΑΚΙ ΩΜΟΥ SKYFORCE-S,2,2000|2200,ΜΠΡΕΛΟΚ ORIGINAL BAG,,,907144-2000|907144-2200,,24.20,24.20,12,https://www.polo.gr/bags/urban/shoulder-bag/el-skyforce-s-shoulder-bag-2000/|https://www.polo.gr/bags/urban/shoulder-bag/el-skyforce-s-shoulder-bag-2200/
907145,ΤΣΑΝΤΑΚΙ ΩΜΟΥ SKYFORCE-L,2,2000|2200,ΜΠΡΕΛΟΚ ORIGINAL BAG,,,907145-2000|907145-2200,,26.40,26.40,12,https://www.polo.gr/bags/urban/shoulder-bag/el-skyforce-l-shoulder-bag-2000/|https://www.polo.gr/bags/urban/shoulder-bag/el-skyforce-l-shoulder-bag-2200/
907148,ΤΣΑΝΤΑΚΙ ΩΜΟΥ CHARGER,1,2000,ΜΠΡΕΛΟΚ ORIGINAL BAG,,,907148-2000,,22.00,22.00,5,https://www.polo.gr/bags/urban/shoulder-bag/el-charger-shoulder-bag-2000/
907162,ΤΣΑΝΤΑΚΙ DOMINUS,1,2000,ΤΣΑΝΤΑΚΙ OCTANE,,,907162-2000,,20.30,20.30,5,https://www.polo.gr/bags/urban/shoulder-bag/el-mini-bag-dominus-2000/
907173,ΤΣΑΝΤΑΚΙ ΩΜΟΥ FLAKE,1,2000,ΜΠΡΕΛΟΚ ORIGINAL BAG,,,907173-2000,,24.20,24.20,5,https://www.polo.gr/bags/urban/shoulder-bag/el-flake-shoulder-bag-2000/
907174,ΤΣΑΝΤΑΚΙ ΩΜΟΥ HUB,1,2000,ΜΠΡΕΛΟΚ ORIGINAL BAG,,,907174-2000,,26.40,26.40,5,https://www.polo.gr/bags/urban/el-urban-chest-bags/el-hub-shoulder-bag-2200/
907175,ΤΣΑΝΤΑΚΙ OCTANE,1,2000,ΤΣΑΝΤΑΚΙ DOMINUS,,,907175-2000,,19.40,19.40,7,https://www.polo.gr/bags/urban/shoulder-bag/el-mini-bag-octane-2000/
907718,ΧΑΡΤΟΦΥΛΑΚΑΣ CLASSIC,3,2000|2100|4700,ΜΠΡΕΛΟΚ ORIGINAL BAG,,,907718-2000|907718-2100|907718-4700,,27.50,27.50,24,https://www.polo.gr/bags/urban/xartofilakas/el-briefcase-classic-2000/|https://www.polo.gr/bags/urban/xartofilakas/el-briefcase-classic-2100/|https://www.polo.gr/bags/urban/xartofilakas/el-briefcase-classic-4700/
907960,ΣΑΚΙΔΙΟ TRICROSS,2,2000|6500,ΜΠΡΕΛΟΚ ORIGINAL BAG,,,907960-2000|907960-6500,,23.10,23.10,15,https://www.polo.gr/bags/urban/urban-bag/el-tricross-backback-2000/|https://www.polo.gr/bags/urban/urban-bag/el-tricross-backback-6500/
907962,ΤΣΑΝΤΑ ΩΜΟΥ CROSS BAG,1,2000,ΜΠΡΕΛΟΚ ORIGINAL BAG,,,907962-2000,,31.90,31.90,6,https://www.polo.gr/bags/urban/el-urban-chest-bags/el-shoulder-bag-cross-bag-2000/
908001,ΤΣΑΝΤΑΚΙ ΜΕΣΗΣ DENVER,1,2000,ΜΠΡΕΛΟΚ ORIGINAL BAG,,,908001-2000,,18.00,18.00,5,https://www.polo.gr/bags/urban/waist-bag/el-waist-bag-denver-2000-2/
908002,ΤΣΑΝΤΑΚΙ ΜΕΣΗΣ SUPREME,1,2000,ΜΠΡΕΛΟΚ ORIGINAL BAG,,,908002-2000,,22.00,22.00,6,https://www.polo.gr/bags/urban/waist-bag/el-waist-bag-supreme-2000/
908004,ΤΣΑΝΤΑΚΙ ΜΕΣΗΣ CAMERA,1,2000,ΜΠΡΕΛΟΚ ORIGINAL BAG,,,908004-2000,,24.20,24.20,5,https://www.polo.gr/bags/urban/waist-bag/el-waist-bag-camera-2000/
908007,ΤΣΑΝΤΑΚΙ ΜΕΣΗΣ ALL TRAIL,1,2000,ΜΠΡΕΛΟΚ ORIGINAL BAG,,,908007-2000,,12.00,12.00,5,https://www.polo.gr/bags/urban/waist-bag/el-waist-bag-trail-2000/
908008,ΤΣΑΝΤΑΚΙ ΜΕΣΗΣ CHARGER,1,2000,ΜΠΡΕΛΟΚ ORIGINAL BAG,,,908008-2000,,18.70,18.70,5,https://www.polo.gr/bags/urban/waist-bag/el-charger-waist-bag-2000/
908012,ΤΣΑΝΤΑΚΙ ΜΕΣΗΣ TACTICAL,1,2900,ΤΣΑΝΤΑΚΙ ΜΕΣΗΣ TRAP,,,908012-2900,,17.60,17.60,5,https://www.polo.gr/bags/urban/waist-bag/el-waist-bag-tactical-2900/
908016,ΤΣΑΝΤΑΚΙ ΜΕΣΗΣ RAIDER,1,2000,ΜΠΡΕΛΟΚ ORIGINAL BAG,,,908016-2000,,20.00,20.00,7,https://www.polo.gr/bags/urban/waist-bag/el-waist-bag-raider-2000/
908021,ΤΣΑΝΤΑΚΙ ΜΕΣΗΣ PITTOCK,1,2000,ΜΠΡΕΛΟΚ ORIGINAL BAG,,,908021-2000,,15.40,15.40,5,https://www.polo.gr/bags/urban/waist-bag/el-pittock-waist-bag-2000/
908025,ΤΣΑΝΤΑΚΙ ΜΕΣΗΣ ACTIVE,1,2000,ΜΠΡΕΛΟΚ ORIGINAL BAG,,,908025-2000,,22.00,22.00,5,https://www.polo.gr/bags/urban/waist-bag/el-active-waist-bag-02/
908026,ΤΣΑΝΤΑΚΙ ΜΕΣΗΣ STAID,1,2000,ΜΠΡΕΛΟΚ ORIGINAL BAG,,,908026-2000,,26.00,26.00,5,https://www.polo.gr/bags/urban/waist-bag/el-waist-bag-staid-2000/
908027,ΤΣΑΝΤΑΚΙ ΜΕΣΗΣ EURO,1,2000,ΜΠΡΕΛΟΚ ORIGINAL BAG,,,908027-2000,,19.80,19.80,5,https://www.polo.gr/bags/urban/waist-bag/el-euro-waist-bag-2000-2/
908028,ΚΕΡΜΑΤΟΘΗΚΗ POLO,1,00,THERMO MUG INOX 900ML,,,908028-00,,20.00,20.00,5,https://www.polo.gr/bags/urban/waist-bag/el-coinholder-polo-00/
908029,ΤΣΑΝΤΑΚΙ ΜΕΣΗΣ LEGACY,4,2000|2100|2900|3000,ΜΠΡΕΛΟΚ ORIGINAL BAG|ΤΣΑΝΤΑΚΙ ΜΕΣΗΣ COLOUR SIMPLE|ΤΣΑΝΤΑΚΙ ΩΜΟΥ WAVE,,,908029-2000|908029-2100|908029-2900|908029-3000,,15.00,15.00,32,https://www.polo.gr/bags/urban/waist-bag/el-waist-bag-2000/|https://www.polo.gr/bags/urban/waist-bag/el-waist-bag-2100/|https://www.polo.gr/bags/urban/waist-bag/el-waist-bag-2900/|https://www.polo.gr/bags/urban/waist-bag/el-waist-bag-3000/
908030,ΤΣΑΝΤΑΚΙ ΜΕΣΗΣ / ΜΗΡΟΥ TOOL,1,2000,ΤΣΑΝΤΑΚΙ ΜΕΣΗΣ / ΠΟΔΙΟΥ TOOL,,,908030-2000,,15.40,15.40,6,https://www.polo.gr/bags/urban/waist-bag/el-waist-bag-leg-tool-2000/
908031,ΤΣΑΝΤΑΚΙ ΜΕΣΗΣ GRIP,1,2000,ΜΠΡΕΛΟΚ ORIGINAL BAG,,,908031-2000,,18.00,18.00,6,https://www.polo.gr/bags/urban/el-waist-bag-grip-2000-2/
908035,ΤΣΑΝΤΑΚΙ ΜΕΣΗΣ GRASP,1,2000,ΜΠΡΕΛΟΚ ORIGINAL BAG,,,908035-2000,,17.60,17.60,6,https://www.polo.gr/bags/urban/el-waist-bag-grasp-2000-2/
908036,ΤΣΑΝΤΑΚΙ ΜΕΣΗΣ CURIO,2,2000|7900,ΜΠΡΕΛΟΚ ORIGINAL BAG,,,908036-2000|908036-7900,,20.00,20.00,13,https://www.polo.gr/bags/urban/waist-bag/el-waist-bag-curio-2000-2/|https://www.polo.gr/bags/urban/waist-bag/el-waist-bag-curio-7900-2/
908037,ΤΣΑΝΤΑΚΙ ΜΕΣΗΣ MIRROR,2,2100|2900,ΤΣΑΝΤΑΚΙ ΜΕΣΗΣ LEGACY,,,908037-2100|908037-2900,,13.20,13.20,12,https://www.polo.gr/bags/urban/waist-bag/el-waist-bag-mirror-2100/|https://www.polo.gr/bags/urban/waist-bag/el-waist-bag-mirror-2900/
908038,ΤΣΑΝΤΑΚΙ ΜΕΣΗΣ LISKO,1,2300,ΜΠΡΕΛΟΚ ORIGINAL BAG,,,908038-2300,,11.00,11.00,4,https://www.polo.gr/bags/urban/waist-bag/el-waist-bag-lisko-2300/
908041,ΜΠΑΝΑΝΑ KIDDO ΙΙ,4,2000|2300|3900|4500,ΣΑΚΙΔΙΟ MINI|MINI WALLET MEMO,,,908041-2000|908041-2300|908041-3900|908041-4500,,10.00,10.00,32,https://www.polo.gr/bags/back2school/nipiagogeiou/el-waist-bag-kiddo-ii-2000/|https://www.polo.gr/bags/back2school/nipiagogeiou/el-waist-bag-kiddo-ii-2300/|https://www.polo.gr/bags/back2school/nipiagogeiou/el-waist-bag-kiddo-ii-3900/|https://www.polo.gr/bags/back2school/nipiagogeiou/el-waist-bag-kiddo-ii-4500/
908042,ΤΣΑΝΤΑΚΙ ΜΕΣΗΣ TRAP,1,2900,ΜΠΡΕΛΟΚ ORIGINAL BAG,,,908042-2900,,15.40,15.40,5,https://www.polo.gr/bags/camo/el-waist-bag-trap-2900/
908091,ΤΣΑΝΤΑΚΙ ΜΕΣΗΣ / ΜΗΡΟΥ LE-GUN,1,2000,ΤΣΑΝΤΑΚΙ ΜΕΣΗΣ / ΜΗΡΟΥ PITT,,,908091-2000,,25.00,25.00,5,https://www.polo.gr/bags/urban/waist-bag/el-legun-waist-bag-2000/
908097,ΤΣΑΝΤΑΚΙ ΜΕΣΗΣ / ΜΗΡΟΥ NETPACK,1,2000,ΤΣΑΝΤΑΚΙ ΜΕΣΗΣ / ΜΗΡΟΥ LE-GUN,,,908097-2000,,20.90,20.90,5,https://www.polo.gr/bags/urban/waist-bag/el-netpack-waist-bag-2000/
908098,ΤΣΑΝΤΑΚΙ ΜΕΣΗΣ SIMPLE,3,2000|2100|2900,ΜΠΡΕΛΟΚ ORIGINAL BAG|ΤΣΑΝΤΑΚΙ ΜΕΣΗΣ LEGACY,,,908098-2000|908098-2100|908098-2900,,12.00,12.00,21,https://www.polo.gr/bags/urban/waist-bag/el-simple-waist-bag-2000/|https://www.polo.gr/bags/urban/waist-bag/el-simple-waist-bag-2100/|https://www.polo.gr/bags/urban/waist-bag/el-simple-waist-bag-2900/
908102,ΤΣΑΝΤΑΚΙ ΜΕΣΗΣ / ΜΗΡΟΥ PITT,1,2000,ΤΣΑΝΤΑΚΙ ΜΕΣΗΣ / ΜΗΡΟΥ NETPACK,,,908102-2000,,17.60,17.60,6,https://www.polo.gr/bags/urban/waist-bag/el-pitt-waist-bag-2000/
908104,ΤΣΑΝΤΑΚΙ ΩΜΟΥ SHOULDER GUN,1,2000,ΜΠΡΕΛΟΚ ORIGINAL BAG,,,908104-2000,,30.80,30.80,6,https://www.polo.gr/bags/urban/el-shoulder-gun-shoulder-bag-2000/
908105,ΤΣΑΝΤΑΚΙ ΜΕΣΗΣ / ΜΗΡΟΥ SIDE GUN,1,2000,ΜΠΡΕΛΟΚ ORIGINAL BAG,,,908105-2000,,25.30,25.30,8,https://www.polo.gr/bags/urban/waist-bag/el-side-gun-waist-bag-2000/
908106,ΤΣΑΝΤΑΚΙ ΜΕΣΗΣ DOUBLE SQUARE,1,2000,ΜΠΡΕΛΟΚ ORIGINAL BAG,,,908106-2000,,18.70,18.70,5,https://www.polo.gr/bags/urban/waist-bag/el-double-square-waist-bag-2000/
908108,ΤΣΑΝΤΑΚΙ ΜΕΣΗΣ OUTRIDER,3,2000|2200|3000,ΜΠΡΕΛΟΚ ORIGINAL BAG|ΤΣΑΝΤΑΚΙ ΜΕΣΗΣ LEGACY,,,908108-2000|908108-2200|908108-3000,,15.40,15.40,21,https://www.polo.gr/bags/urban/waist-bag/el-outrider-waist-bag-2000/|https://www.polo.gr/bags/urban/waist-bag/el-outrider-waist-bag-2200/|https://www.polo.gr/bags/urban/waist-bag/el-outrider-waist-bag-3000/
908844,ΤΣΑΝΤΑΚΙ ΜΕΣΗΣ HIKER,1,2000,ΜΠΡΕΛΟΚ ORIGINAL BAG,,,908844-2000,,20.00,20.00,5,https://www.polo.gr/bags/urban/waist-bag/el-hiker-waist-bag-2000-2/
908854,ΤΣΑΝΤΑΚΙ ΜΕΣΗΣ COLOUR SIMPLE,3,2000|2100|2900,ΜΠΡΕΛΟΚ ORIGINAL BAG|ΤΣΑΝΤΑΚΙ ΜΕΣΗΣ LEGACY,,,908854-2000|908854-2100|908854-2900,,14.00,14.00,21,https://www.polo.gr/bags/urban/waist-bag/el-colour-simple-waist-bag-2000/|https://www.polo.gr/bags/urban/waist-bag/el-colour-simple-waist-bag-2100/|https://www.polo.gr/bags/urban/waist-bag/el-colour-simple-waist-bag-2900/
908879,ΤΣΑΝΤΑΚΙ ΜΕΣΗΣ GUN-2,1,2000,ΜΠΡΕΛΟΚ ORIGINAL BAG,,,908879-2000,,26.40,26.40,5,https://www.polo.gr/bags/urban/waist-bag/el-waist-bag-gun-2000/
908880,ΤΣΑΝΤΑΚΙ ΜΕΣΗΣ SPECTRUM,1,2000,ΜΠΡΕΛΟΚ ORIGINAL BAG,,,908880-2000,,24.20,24.20,5,https://www.polo.gr/bags/urban/waist-bag/el-spectrum-waist-bag-2000/
909002,ΣΑΚΙΔΙΟ ΚΑΜΠΙΝΑΣ CABIN 40LT,1,2000,ΚΟΡΔΟΝΙ ΛΑΙΜΟΥ ΑΛΥΣΙΔΑ ΓΙΑ ΚΙΝΗΤΟ,,,909002-2000,,82.50,82.50,12,https://www.polo.gr/bags/travel/sakidia-travel/el-cabin-bag-2000/
909003,ΤΣΑΝΤΑ ΤΑΞΙΔΙΟΥ SAGA 50LT,2,2000|6600,COFFEE MUG 350ML|ΚΟΡΔΟΝΙ ΛΑΙΜΟΥ ΓΙΑ ΚΙΝΗΤΟ,,,909003-2000|909003-6600,,63.80,63.80,16,https://www.polo.gr/bags/travel/travel-sac-voyage/el-saga-bag-50-lt-2000/|https://www.polo.gr/bags/travel/travel-sac-voyage/el-saga-bag-50-lt-6600/
909005,ΒΑΛΙΤΣΑ TROLLEY JET SET 40+15LT,1,2000,,,,909005-2000,,138.60,138.60,12,https://www.polo.gr/bags/travel/travel-trolley-bag/el-trolley-travel-jet-set-2000/
909006,ΣΑΚΙΔΙΟ ΚΑΜΠΙΝΑΣ JET 40Lt,1,2000,ΚΟΡΔΟΝΙ ΛΑΙΜΟΥ ΑΛΥΣΙΔΑ ΓΙΑ ΚΙΝΗΤΟ,,,909006-2000,,85.80,85.80,12,https://www.polo.gr/bags/travel/el-cabin-bag-jet-2000/
909008,ΤΣΑΝΤΑ ΤΑΞΙΔΙΟΥ ESSENCE 25LT,1,2039,ΚΟΡΔΟΝΙ ΛΑΙΜΟΥ ΓΙΑ ΚΙΝΗΤΟ,,,909008-2039,,39.60,39.60,9,https://www.polo.gr/bags/travel/travel-sac-voyage/el-vienna-bag-40-lt-2000-2/
909010,ΒΑΛΙΤΣΑ TROLLEY OSLO TSA 40Lt,1,2000,ΣΑΚΙΔΙΟ ΚΑΜΠΙΝΑΣ ASPEN 20.5-26.5Lt,,,909010-2000,,59.50,59.50,5,https://www.polo.gr/bags/travel/travel-trolley-bag/el-oslo-trolley-luggage-40lt/
909011,ΒΑΛΙΤΣΑ TROLLEY OSLO TSA 70Lt,1,2000,ΣΑΚΙΔΙΟ ΚΑΜΠΙΝΑΣ ASPEN 20.5-26.5Lt,,,909011-2000,,70.00,70.00,6,https://www.polo.gr/bags/travel/travel-trolley-bag/el-oslo-trolley-luggage-70lt/
909012,ΒΑΛΙΤΣΑ TROLLEY OSLO TSA 90Lt,1,2000,ΣΑΚΙΔΙΟ ΚΑΜΠΙΝΑΣ ASPEN 20.5-26.5Lt,,,909012-2000,,77.00,77.00,6,https://www.polo.gr/bags/travel/travel-trolley-bag/el-oslo-trolley-luggage-90lt/
909015,ΤΣΑΝΤΑ ΤΑΞΙΔΙΟΥ ELEMENT 25LT,1,2000,COFFEE MUG 350ML,,,909015-2000,,39.60,39.60,8,https://www.polo.gr/bags/travel/travel-sac-voyage/el-vienna-bag-40-lt-2000-3/
909016,ΒΑΛΙΤΣΑ TROLLEY CABIN FOLD 35LT,2,2000|5800,,,,909016-2000|909016-5800,,55.00,55.00,24,https://www.polo.gr/bags/travel/travel-trolley-bag/el-cabin-foldabdle-35lt-2000/|https://www.polo.gr/bags/travel/travel-trolley-bag/el-cabin-foldabdle-35lt-5800/
909017,ΤΣΑΝΤΑ ΤΑΞΙΔΙΟΥ HYDRON 40LT,2,2000|2700,ΤΣΑΝΤΑ ΤΑΞΙΔΙΟΥ DUALIX 40LT|ΚΟΡΔΟΝΙ ΛΑΙΜΟΥ ΓΙΑ ΚΙΝΗΤΟ,,,909017-2000|909017-2700,,62.30,62.30,18,https://www.polo.gr/bags/travel/travel-sac-voyage/el-hydron-40lt-2000/|https://www.polo.gr/bags/travel/travel-sac-voyage/el-hydron-40lt-2700/
909018,ΒΑΛΙΤΣΑ TROLLEY AQUOR 40LT,1,2000,ΣΑΚΙΔΙΟ ΚΑΜΠΙΝΑΣ ASPEN 20.5-26.5Lt,,,909018-2000,,112.90,112.90,11,https://www.polo.gr/bags/travel/travel-trolley-bag/el-aquor-40lt-2000/
909019,ΤΣΑΝΤΑ ΤΑΞΙΔΙΟΥ DUALIX 40LT,2,2000|2200,ΤΣΑΝΤΑ ΤΑΞΙΔΙΟΥ HYDRON 40LT,,,909019-2000|909019-2200,,51.70,51.70,14,https://www.polo.gr/bags/travel/travel-sac-voyage/el-dualix-40lt-2000/|https://www.polo.gr/bags/travel/travel-sac-voyage/el-dualix-40lt-2200/
909020,ΣΑΚΙΔΙΟ ΚΑΜΠΙΝΑΣ ASPEN 20.5-26.5Lt,2,2000|7300,COFFEE MUG 350ML|ΣΑΚΙΔΙΟ ΚΑΜΠΙΝΑΣ TOURS 20.5Lt,,,909020-2000|909020-7300,,55.00,55.00,10,https://www.polo.gr/bags/travel/sakidia-travel/el-backpack-underseat-aspen-2000/|https://www.polo.gr/bags/travel/sakidia-travel/el-backpack-underseat-aspen-7300/
909021,ΣΑΚΙΔΙΟ ΚΑΜΠΙΝΑΣ TOURS 20.5Lt,2,2100|3300,ΣΑΚΙΔΙΟ ΚΑΜΠΙΝΑΣ ASPEN 20.5-26.5Lt|BEAUTY CASE NECESSITY,,,909021-2100|909021-3300,,49.50,49.50,10,https://www.polo.gr/bags/travel/sakidia-travel/el-backpack-underseat-tours-2100/|https://www.polo.gr/bags/travel/sakidia-travel/el-backpack-underseat-tours-3300/
909048,ΤΣΑΝΤΑ ΤΑΞΙΔΙΟΥ VIENNA 40LT,1,2000,COFFEE MUG 350ML,,,909048-2000,,44.00,44.00,6,https://www.polo.gr/bags/travel/travel-sac-voyage/el-vienna-bag-40-lt-2000/
909049,ΤΣΑΝΤΑ ΤΑΞΙΔΙΟΥ VIENNA 60lt,1,2000,ΜΠΡΕΛΟΚ ORIGINAL BAG,,,909049-2000,,46.20,46.20,6,https://www.polo.gr/bags/travel/travel-sac-voyage/el-vienna-bag-60-lt-2000/
909050,ΤΣΑΝΤΑ ΤΑΞΙΔΙΟΥ DUFFEL 70LT,1,2000,COFFEE MUG 350ML,,,909050-2000,,83.60,83.60,5,https://www.polo.gr/bags/travel/travel-sac-voyage/el-duffle-bag-2000/
909053,ΒΑΛΙΤΣΑ TROLLEY OSACA 40LT,1,2000,COFFEE MUG 350ML,,,909053-2000,,88.00,88.00,5,https://www.polo.gr/bags/travel/travel-trolley-bag/el-osacal-trolley-40litres-2000/
909054,ΒΑΛΙΤΣΑ TROLLEY OSACA 60LT,1,2000,COFFEE MUG 350ML,,,909054-2000,,95.00,95.00,5,https://www.polo.gr/bags/travel/travel-trolley-bag/el-osacal-trolley-60litres-2000/
911001,ΣΑΚΙΔΙΟ JUNIOR FIZZ,4,8448|8449|8450|8451,LUNCH BAG FIZZ|ΣΑΚΙΔΙΟ TROLLEY JUNIOR FIZZ,,,911001-8448|911001-8449|911001-8450|911001-8451,,24.00,24.00,48,https://www.polo.gr/bags/back2school/nipiagogeiou/el-backpack-junior-fizz-8448/|https://www.polo.gr/bags/back2school/nipiagogeiou/el-backpack-junior-fizz-8449/|https://www.polo.gr/bags/back2school/nipiagogeiou/el-backpack-junior-fizz-8450/|https://www.polo.gr/bags/back2school/nipiagogeiou/el-backpack-junior-fizz-8451/
911002,ΣΑΚΙΔΙΟ PIXIE,4,8452|8453|8454|8455,ΜΠΡΕΛΟΚ CLIP 'N' ZIP,,,911002-8452|911002-8453|911002-8454|911002-8455,,20.00,20.00,44,https://www.polo.gr/bags/back2school/nipiagogeiou/el-backpack-pixie-8452/|https://www.polo.gr/bags/back2school/nipiagogeiou/el-backpack-pixie-8453/|https://www.polo.gr/bags/back2school/nipiagogeiou/el-backpack-pixie-8454/|https://www.polo.gr/bags/back2school/nipiagogeiou/el-backpack-pixie-8455/
911003,ΣΑΚΙΔΙΟ LUMIRA,2,2000|3919,ΤΣΑΝΤΑΚΙ LUMIRA,,,911003-2000|911003-3919,,33.00,33.00,18,https://www.polo.gr/bags/urban/women-bag/el-backpack-lumira-2000/|https://www.polo.gr/bags/urban/women-bag/el-backpack-lumira-3919/
911004,ΣΑΚΙΔΙΟ CHIQUA,3,2000|5500|7400,ΣΑΚΙΔΙΟ GRIDON,,,911004-2000|911004-5500|911004-7400,,30.80,30.80,36,https://www.polo.gr/bags/urban/women-bag/el-backpack-chiqua-2000/|https://www.polo.gr/bags/urban/women-bag/el-backpack-chiqua-5500/|https://www.polo.gr/bags/urban/women-bag/el-backpack-chiqua-7400/
911005,ΣΑΚΙΔΙΟ MINI DANTELA,2,2000|3400,ΜΠΡΕΛΟΚ ORIGINAL BAG,,,911005-2000|911005-3400,,28.60,28.60,22,https://www.polo.gr/bags/urban/women-bag/el-backpack-dantela-2000/|https://www.polo.gr/bags/urban/women-bag/el-backpack-dantela-3400/
911006,ΣΑΚΙΔΙΟ MINI FENNEC,2,2000|5200,ΜΠΡΕΛΟΚ ORIGINAL BAG|ΣΑΚΙΔΙΟ MINI DANTELA,,,911006-2000|911006-5200,,28.60,28.60,23,https://www.polo.gr/bags/urban/women-bag/el-backpack-fennec-2000/|https://www.polo.gr/bags/urban/women-bag/el-backpack-fennec-5200/
911007,ΣΑΚΙΔΙΟ MINI SEYA,2,8485|8486,ΤΣΑΝΤΑΚΙ SEYA|ΤΣΑΝΤΑ ΠΟΥΓΚΙ SEYA,,,911007-8485|911007-8486,,37.40,37.40,20,https://www.polo.gr/bags/urban/women-bag/el-backpack-mini-seya-8485/|https://www.polo.gr/bags/urban/women-bag/el-backpack-mini-seya-8486/
913005,ΥΠΝΟΣΑΚΚΟΣ WIDE DREAM,2,03|31,ΜΠΡΕΛΟΚ ORIGINAL BAG,,,913005-03|913005-31,,46.00,46.00,14,https://www.polo.gr/bags/travel/el-travel-accessories/el-sleeping-bag-wide-dream-03/|https://www.polo.gr/bags/travel/el-travel-accessories/el-sleeping-bag-wide-dream-31/
913009,ΥΠΝΟΣΑΚΚΟΣ ULTRA LIGHT,3,02|03|31,ΜΠΡΕΛΟΚ ORIGINAL BAG,,,913009-02|913009-03|913009-31,,37.00,37.00,21,https://www.polo.gr/bags/travel/el-travel-accessories/el-sleeping-bag-ultra-light-02/|https://www.polo.gr/bags/travel/el-travel-accessories/el-sleeping-bag-ultra-light-03/|https://www.polo.gr/bags/travel/el-travel-accessories/el-sleeping-bag-ultra-light-31/
913017,ΥΠΝΟΣΑΚΚΟΣ QUAIL.1-LIGHΤ,3,02|03|31,ΜΠΡΕΛΟΚ ORIGINAL BAG,,,913017-02|913017-03|913017-31,,38.00,38.00,21,https://www.polo.gr/bags/travel/el-travel-accessories/el-sleeping-bag-light-02/|https://www.polo.gr/bags/travel/el-travel-accessories/el-sleeping-bag-light-03/|https://www.polo.gr/bags/travel/el-travel-accessories/el-sleeping-bag-light-31/
913023,ΥΠΝΟΣΑΚΚΟΣ QUAIL,3,02|03|31,ΥΠΝΟΣΑΚΚΟΣ QUAIL.1-LIGHΤ,,,913023-02|913023-03|913023-31,,48.00,48.00,21,https://www.polo.gr/bags/travel/el-travel-accessories/el-sleeping-bag-quail-02/|https://www.polo.gr/bags/travel/el-travel-accessories/el-sleeping-bag-quail-03/|https://www.polo.gr/bags/travel/el-travel-accessories/el-sleeping-bag-quail-31/
913028,ΠΑΠΛΩΜΑ ΚΟΥΚΕΤΑΣ,1,0000,ΜΠΡΕΛΟΚ ORIGINAL BAG,,,913028-0000,,40.00,40.00,5,https://www.polo.gr/bags/travel/el-travel-accessories/el-paploma-kouketas-00/
913030,ΥΠΝΟΣΑΚΚΟΣ JUNIOR,2,03|05,ΜΠΡΕΛΟΚ ORIGINAL BAG,,,913030-03|913030-05,,22.00,22.00,12,https://www.polo.gr/bags/travel/el-travel-accessories/el-sleeping-bag-junior-03/|https://www.polo.gr/bags/travel/el-travel-accessories/el-sleeping-bag-junior-05/
913520,ΥΠΟΣΤΡΩΜΑ EVA 1ΧΡ.10MM (180*50),1,0000,ΜΠΡΕΛΟΚ ORIGINAL BAG,,,913520-0000,,12.00,12.00,5,https://www.polo.gr/bags/travel/el-travel-accessories/el-mat-eva-1%cf%87%cf%81-10mm-18050/
913521,ΥΠΟΣΤΡΩΜΑ EVA 1ΧΡ.10MM (180*60),1,0000,ΜΠΡΕΛΟΚ ORIGINAL BAG,,,913521-0000,,14.00,14.00,5,https://www.polo.gr/bags/travel/el-travel-accessories/el-mat-eva-1%cf%87%cf%81-10mm-18060/
914053,ΣΚΗΝΗ POP UP-2,1,0000,ΣΚΗΝΗ SUNNY 3 PLUS,,,914053-0000,,84.00,84.00,5,https://www.polo.gr/bags/travel/el-travel-accessories/el-tent-pop-up-2/
914056,ΣΚΗΝΗ SUNNY 3 PLUS,1,0000,ΜΠΡΕΛΟΚ ORIGINAL BAG,,,914056-0000,,84.00,84.00,7,https://www.polo.gr/bags/travel/el-travel-accessories/el-tent-sunny-3-plus/
915002,ΔΟΧΕΙΟ ΦΑΓΗΤΟΥ S/S 1000ML,1,0000,LUNCH BAG OFFICE II,,,915002-0000,,19.00,19.00,5,https://www.polo.gr/bags/back2school/el-back2school-food-accessories/el-lunch-box-stainless-steel-316-304-1000-ml/
915003,ΔΟΧΕΙΟ ΦΑΓΗΤΟΥ S/S 1400ML,1,0000,LUNCH BAG OFFICE II,,,915003-0000,,22.00,22.00,5,https://www.polo.gr/bags/back2school/el-back2school-food-accessories/el-lunch-box-stainless-steel-316-304-1400-ml/
915004,ΔΟΧΕΙΟ ΦΑΓΗΤΟΥ TRANSPARENT CUP STAINLESS STEEL 304 / 750 ml,1,0000,ΔΟΧΕΙΟ ΦΑΓΗΤΟΥ STAINLESS STEEL 304/316 |1000 ml,,,915004-0000,,9.00,9.00,5,https://www.polo.gr/bags/back2school/el-back2school-food-accessories/el-lunch-box-transparent-cup-750-ml/
915005,ΔΟΧΕΙΟ ΦΑΓΗΤΟΥ TRANSPARENT CUP STAINLESS STEEL 304 / 850 ml,1,0000,ΔΟΧΕΙΟ ΦΑΓΗΤΟΥ STAINLESS STEEL 304/316 |1000 ml,,,915005-0000,,9.90,9.90,5,https://www.polo.gr/bags/back2school/el-back2school-food-accessories/el-lunch-box-transparent-cup-850-ml/
915006,ΔΟΧΕΙΟ ΦΑΓΗΤΟΥ TRANSPARENT CUP STAINLESS STEEL 304 / 1200 ml,1,0000,ΔΟΧΕΙΟ ΦΑΓΗΤΟΥ STAINLESS STEEL 304/316 |1400 ml,,,915006-0000,,10.90,10.90,5,https://www.polo.gr/bags/back2school/el-back2school-food-accessories/el-lunch-box-transparent-cup-1200-ml/
915007,ΔΟΧΕΙΟ ΦΑΓΗΤΟΥ INOX 800ml (NI-359),2,3700|6100,LUNCH BAG COOLMI,,,915007-3700|915007-6100,,10.00,10.00,14,https://www.polo.gr/bags/back2school/el-back2school-food-accessories/el-lunch-box-bowl-inox-800ml-ni-359-3700/|https://www.polo.gr/bags/back2school/el-back2school-food-accessories/el-lunch-box-bowl-inox-800ml-ni-359-6100/
915031,ΚΟΥΤΑΛΟΠΙΡΟΥΝΟ TITANIUM POLO,1,0000,ΜΠΡΕΛΟΚ ORIGINAL BAG,,,915031-0000,,11.60,11.60,5,https://www.polo.gr/bags/travel/el-travel-food-accessories/el-spoon-fork-titanium-polo/
917006,PINS & PATCHES,6,PATCH1|PATCH2|PATCH3|PIN1|PIN2|PIN3,ΣΑΚΙΔΙΟ PATCHES,,,917006-PATCH1|917006-PATCH2|917006-PATCH3|917006-PIN1|917006-PIN2|917006-PIN3,,5.20,5.20,61,https://www.polo.gr/bags/back2school/school-accessories/el-pins-patches-patch1/|https://www.polo.gr/bags/back2school/school-accessories/el-pins-patches-patch2/|https://www.polo.gr/bags/back2school/school-accessories/el-pins-patches-patch3/|https://www.polo.gr/bags/back2school/school-accessories/el-pins-patches-pin1/|https://www.polo.gr/bags/back2school/school-accessories/el-pins-patches-pin2/|https://www.polo.gr/bags/back2school/school-accessories/el-pins-patches-pin3/
919001,ΤΕΤΡΑΔΙΟ SPIRAL DESIGN Β5 2Θ POLO.GR,8,8420|8421|8422|8424|8425|8426|8428|8434,THERMO MUG INOX 900ML,,,919001-8420|919001-8421|919001-8422|919001-8424|919001-8425|919001-8426|919001-8428|919001-8434,,4.00,4.00,96,https://www.polo.gr/bags/back2school/grafiki/el-notebook-spiral-design-b5-2-sub-polo-8420/|https://www.polo.gr/bags/back2school/grafiki/el-notebook-spiral-design-b5-2-sub-polo-8421/|https://www.polo.gr/bags/back2school/grafiki/el-notebook-spiral-design-b5-2-sub-polo-8422/|https://www.polo.gr/bags/back2school/grafiki/el-notebook-spiral-design-b5-2-sub-polo-8424/|https://www.polo.gr/bags/back2school/grafiki/el-notebook-spiral-design-b5-2-sub-polo-8425/|https://www.polo.gr/bags/back2school/grafiki/el-notebook-spiral-design-b5-2-sub-polo-8426/|https://www.polo.gr/bags/back2school/grafiki/el-notebook-spiral-design-b5-2-sub-polo-8428/|https://www.polo.gr/bags/back2school/grafiki/el-notebook-spiral-design-b5-2-sub-polo-8434/
919002,ΤΕΤΡΑΔΙΟ SPIRAL DESIGN Β5 3Θ POLO.GR,8,8420|8421|8422|8424|8425|8426|8428|8434,THERMO MUG INOX 900ML,,,919002-8420|919002-8421|919002-8422|919002-8424|919002-8425|919002-8426|919002-8428|919002-8434,,4.80,4.80,96,https://www.polo.gr/bags/back2school/grafiki/el-notebook-spiral-design-b5-3-sub-polo-8420/|https://www.polo.gr/bags/back2school/grafiki/el-notebook-spiral-design-b5-3-sub-polo-8421/|https://www.polo.gr/bags/back2school/grafiki/el-notebook-spiral-design-b5-3-sub-polo-8422/|https://www.polo.gr/bags/back2school/grafiki/el-notebook-spiral-design-b5-3-sub-polo-8424/|https://www.polo.gr/bags/back2school/grafiki/el-notebook-spiral-design-b5-3-sub-polo-8425/|https://www.polo.gr/bags/back2school/grafiki/el-notebook-spiral-design-b5-3-sub-polo-8426/|https://www.polo.gr/bags/back2school/grafiki/el-notebook-spiral-design-b5-3-sub-polo-8428/|https://www.polo.gr/bags/back2school/grafiki/el-notebook-spiral-design-b5-3-sub-polo-8434/
919003,ΤΕΤΡΑΔΙΟ SPIRAL DESIGN A4 2Θ POLO.GR,8,8420|8421|8422|8424|8425|8426|8428|8434,THERMO MUG INOX 900ML,,,919003-8420|919003-8421|919003-8422|919003-8424|919003-8425|919003-8426|919003-8428|919003-8434,,4.70,4.70,96,https://www.polo.gr/bags/back2school/grafiki/el-notebook-spiral-design-a4-2-sub-polo-8420/|https://www.polo.gr/bags/back2school/grafiki/el-notebook-spiral-design-a4-2-sub-polo-8421/|https://www.polo.gr/bags/back2school/grafiki/el-notebook-spiral-design-a4-2-sub-polo-8422/|https://www.polo.gr/bags/back2school/grafiki/el-notebook-spiral-design-a4-2-sub-polo-8424/|https://www.polo.gr/bags/back2school/grafiki/el-notebook-spiral-design-a4-2-sub-polo-8425/|https://www.polo.gr/bags/back2school/grafiki/el-notebook-spiral-design-a4-2-sub-polo-8426/|https://www.polo.gr/bags/back2school/grafiki/el-notebook-spiral-design-a4-2-sub-polo-8428/|https://www.polo.gr/bags/back2school/grafiki/el-notebook-spiral-design-a4-2-sub-polo-8434/
919004,ΤΕΤΡΑΔΙΟ SPIRAL DESIGN A4 3Θ POLO.GR,8,8420|8421|8422|8424|8425|8426|8428|8434,THERMO MUG INOX 900ML,,,919004-8420|919004-8421|919004-8422|919004-8424|919004-8425|919004-8426|919004-8428|919004-8434,,6.30,6.30,96,https://www.polo.gr/bags/back2school/grafiki/el-notebook-spiral-design-a4-3-sub-polo-8420/|https://www.polo.gr/bags/back2school/grafiki/el-notebook-spiral-design-a4-3-sub-polo-8421/|https://www.polo.gr/bags/back2school/grafiki/el-notebook-spiral-design-a4-3-sub-polo-8422/|https://www.polo.gr/bags/back2school/grafiki/el-notebook-spiral-design-a4-3-sub-polo-8424/|https://www.polo.gr/bags/back2school/grafiki/el-notebook-spiral-design-a4-3-sub-polo-8425/|https://www.polo.gr/bags/back2school/grafiki/el-notebook-spiral-design-a4-3-sub-polo-8426/|https://www.polo.gr/bags/back2school/grafiki/el-notebook-spiral-design-a4-3-sub-polo-8428/|https://www.polo.gr/bags/back2school/grafiki/el-notebook-spiral-design-a4-3-sub-polo-8434/
919011,ΤΕΤΡΑΔΙΟ SPIRAL DESIGN A4 4Θ POLO.GR,8,8420|8421|8422|8424|8425|8426|8428|8434,THERMO MUG INOX 900ML,,,919011-8420|919011-8421|919011-8422|919011-8424|919011-8425|919011-8426|919011-8428|919011-8434,,7.80,7.80,96,https://www.polo.gr/bags/back2school/grafiki/el-notebook-spiral-design-a4-4-sub-polo-8420/|https://www.polo.gr/bags/back2school/grafiki/el-notebook-spiral-design-a4-4-sub-polo-8421/|https://www.polo.gr/bags/back2school/grafiki/el-notebook-spiral-design-a4-4-sub-polo-8422/|https://www.polo.gr/bags/back2school/grafiki/el-notebook-spiral-design-a4-4-sub-polo-8424/|https://www.polo.gr/bags/back2school/grafiki/el-notebook-spiral-design-a4-4-sub-polo-8425/|https://www.polo.gr/bags/back2school/grafiki/el-notebook-spiral-design-a4-4-sub-polo-8426/|https://www.polo.gr/bags/back2school/grafiki/el-notebook-spiral-design-a4-4-sub-polo-8428/|https://www.polo.gr/bags/back2school/grafiki/el-notebook-spiral-design-a4-4-sub-polo-8434/
919012,ΝΤΟΣΙΕ A4 PP POLO,6,2000|3000|3100|5000|6800|7100,ΜΠΡΕΛΟΚ ORIGINAL BAG|THERMO MUG INOX 900ML,,,919012-2000|919012-3000|919012-3100|919012-5000|919012-6800|919012-7100,,4.50,4.50,60,https://www.polo.gr/bags/back2school/grafiki/el-dossier-a4-pp-polo-2000/|https://www.polo.gr/bags/back2school/grafiki/el-dossier-a4-pp-polo-3000/|https://www.polo.gr/bags/back2school/grafiki/el-dossier-a4-pp-polo-3100/|https://www.polo.gr/bags/back2school/grafiki/el-dossier-a4-pp-polo-5000/|https://www.polo.gr/bags/back2school/grafiki/el-dossier-a4-pp-polo-6800/|https://www.polo.gr/bags/back2school/grafiki/el-dossier-a4-pp-polo-7100/
919050,ΝΤΟΣΙΕ Β5 PP POLO,6,2000|3000|3100|5000|6800|7100,ΜΠΡΕΛΟΚ ORIGINAL BAG|THERMO MUG INOX 900ML,,,919050-2000|919050-3000|919050-3100|919050-5000|919050-6800|919050-7100,,3.80,3.80,60,https://www.polo.gr/bags/back2school/grafiki/el-dossier-b5-pp-polo-2000/|https://www.polo.gr/bags/back2school/grafiki/el-dossier-b5-pp-polo-3000/|https://www.polo.gr/bags/back2school/grafiki/el-dossier-b5-pp-polo-3100/|https://www.polo.gr/bags/back2school/grafiki/el-dossier-b5-pp-polo-5000/|https://www.polo.gr/bags/back2school/grafiki/el-dossier-b5-pp-polo-6800/|https://www.polo.gr/bags/back2school/grafiki/el-dossier-b5-pp-polo-7100/
919059,ΤΕΤΡΑΔΙΟ ΚΑΡΦΙΤΣΑ Α4 50Φ,6,3000|4700|5300|6100|7100|7300,ΜΠΡΕΛΟΚ ORIGINAL BAG,,,919059-3000|919059-4700|919059-5300|919059-6100|919059-7100|919059-7300,,2.40,2.40,61,https://www.polo.gr/bags/back2school/grafiki/el-notebook-simple-a4-50-pages-059-red-2/|https://www.polo.gr/bags/back2school/grafiki/el-notebook-simple-a4-50-pages-059-purple-2/|https://www.polo.gr/bags/back2school/grafiki/el-notebook-simple-a4-50-pages-059-light-blue-2/|https://www.polo.gr/bags/back2school/grafiki/el-notebook-simple-a4-50-pages-059-light-green-2/|https://www.polo.gr/bags/back2school/grafiki/el-notebook-simple-a4-50-pages-059-yellow-2/|https://www.polo.gr/bags/back2school/grafiki/el-notebook-simple-a4-50-pages-059-orange-2/
919069,ΤΕΤΡΑΔΙΟ ΚΑΡΦΙΤΣΑ B5 50Φ,6,3000|4700|5300|6100|7100|7300,ΜΠΡΕΛΟΚ ORIGINAL BAG,,,919069-3000|919069-4700|919069-5300|919069-6100|919069-7100|919069-7300,,1.60,1.60,60,https://www.polo.gr/bags/back2school/grafiki/el-notebook-simple-b5-50-pages-069-red-2/|https://www.polo.gr/bags/back2school/grafiki/el-notebook-simple-b5-50-pages-069-purple-2/|https://www.polo.gr/bags/back2school/grafiki/el-notebook-simple-b5-50-pages-069-light-blue-2/|https://www.polo.gr/bags/back2school/grafiki/el-notebook-simple-b5-50-pages-069-light-green-2/|https://www.polo.gr/bags/back2school/grafiki/el-notebook-simple-b5-50-pages-069-yellow-2/|https://www.polo.gr/bags/back2school/grafiki/el-notebook-simple-b5-50-pages-069-orange-2/
919080,ΤΕΤΡΑΔΙΟ SPIRAL CLASSIC NOTE Β5 1Θ POLO.GR,6,3000|4700|5200|6200|7100|7300,ΜΠΡΕΛΟΚ ORIGINAL BAG,,,919080-3000|919080-4700|919080-5200|919080-6200|919080-7100|919080-7300,,3.20,3.20,60,https://www.polo.gr/bags/back2school/grafiki/el-notebook-spiral-classic-note-b5-1sub-polo-3000/|https://www.polo.gr/bags/back2school/grafiki/el-notebook-spiral-classic-note-b5-1sub-polo-4700/|https://www.polo.gr/bags/back2school/grafiki/el-notebook-spiral-classic-note-b5-1sub-polo-5200/|https://www.polo.gr/bags/back2school/grafiki/el-notebook-spiral-classic-note-b5-1sub-polo-6200/|https://www.polo.gr/bags/back2school/grafiki/el-notebook-spiral-classic-note-b5-1sub-polo-7100/|https://www.polo.gr/bags/back2school/grafiki/el-notebook-spiral-classic-note-b5-1sub-polo-7300/
919081,ΤΕΤΡΑΔΙΟ SPIRAL CLASSIC NOTE Β5 2Θ POLO.GR,6,3000|4700|5200|6200|7100|7300,ΜΠΡΕΛΟΚ ORIGINAL BAG,,,919081-3000|919081-4700|919081-5200|919081-6200|919081-7100|919081-7300,,4.30,4.30,60,https://www.polo.gr/bags/back2school/grafiki/el-notebook-spiral-classic-note-b5-2sub-polo-3000/|https://www.polo.gr/bags/back2school/grafiki/el-notebook-spiral-classic-note-b5-2sub-polo-4700/|https://www.polo.gr/bags/back2school/grafiki/el-notebook-spiral-classic-note-b5-2sub-polo-5200/|https://www.polo.gr/bags/back2school/grafiki/el-notebook-spiral-classic-note-b5-2sub-polo-6200/|https://www.polo.gr/bags/back2school/grafiki/el-notebook-spiral-classic-note-b5-2sub-polo-7100/|https://www.polo.gr/bags/back2school/grafiki/el-notebook-spiral-classic-note-b5-2sub-polo-7300/
919082,ΤΕΤΡΑΔΙΟ SPIRAL CLASSIC NOTE Β5 3Θ POLO.GR,6,3000|4700|5200|6200|7100|7300,ΜΠΡΕΛΟΚ ORIGINAL BAG,,,919082-3000|919082-4700|919082-5200|919082-6200|919082-7100|919082-7300,,5.40,5.40,60,https://www.polo.gr/bags/back2school/grafiki/el-notebook-spiral-classic-note-b5-3sub-polo-3000/|https://www.polo.gr/bags/back2school/grafiki/el-notebook-spiral-classic-note-b5-3sub-polo-4700/|https://www.polo.gr/bags/back2school/grafiki/el-notebook-spiral-classic-note-b5-3sub-polo-5200/|https://www.polo.gr/bags/back2school/grafiki/el-notebook-spiral-classic-note-b5-3sub-polo-6200/|https://www.polo.gr/bags/back2school/grafiki/el-notebook-spiral-classic-note-b5-3sub-polo-7100/|https://www.polo.gr/bags/back2school/grafiki/el-notebook-spiral-classic-note-b5-3sub-polo-7300/
919083,ΤΕΤΡΑΔΙΟ SPIRAL CLASSIC NOTE A4 1Θ POLO.GR,6,3000|4700|5200|6200|7100|7300,ΜΠΡΕΛΟΚ ORIGINAL BAG,,,919083-3000|919083-4700|919083-5200|919083-6200|919083-7100|919083-7300,,3.60,3.60,60,https://www.polo.gr/bags/back2school/grafiki/el-notebook-spiral-classic-note-a4-1sub-polo-3000/|https://www.polo.gr/bags/back2school/grafiki/el-notebook-spiral-classic-note-a4-1sub-polo-4700/|https://www.polo.gr/bags/back2school/grafiki/el-notebook-spiral-classic-note-a4-1sub-polo-5200/|https://www.polo.gr/bags/back2school/grafiki/el-notebook-spiral-classic-note-a4-1sub-polo-6200/|https://www.polo.gr/bags/back2school/grafiki/el-notebook-spiral-classic-note-a4-1sub-polo-7100/|https://www.polo.gr/bags/back2school/grafiki/el-notebook-spiral-classic-note-a4-1sub-polo-7300/
919084,ΤΕΤΡΑΔΙΟ SPIRAL CLASSIC NOTE A4 2Θ POLO.GR,6,3000|4700|5200|6200|7100|7300,ΜΠΡΕΛΟΚ ORIGINAL BAG,,,919084-3000|919084-4700|919084-5200|919084-6200|919084-7100|919084-7300,,5.00,5.00,60,https://www.polo.gr/bags/back2school/grafiki/el-notebook-spiral-classic-note-a4-2sub-polo-3000/|https://www.polo.gr/bags/back2school/grafiki/el-notebook-spiral-classic-note-a4-2sub-polo-4700/|https://www.polo.gr/bags/back2school/grafiki/el-notebook-spiral-classic-note-a4-2sub-polo-5200/|https://www.polo.gr/bags/back2school/grafiki/el-notebook-spiral-classic-note-a4-2sub-polo-6200/|https://www.polo.gr/bags/back2school/grafiki/el-notebook-spiral-classic-note-a4-2sub-polo-7100/|https://www.polo.gr/bags/back2school/grafiki/el-notebook-spiral-classic-note-a4-2sub-polo-7300/
919085,ΤΕΤΡΑΔΙΟ SPIRAL CLASSIC NOTE A4 3Θ POLO.GR,6,3000|4700|5200|6200|7100|7300,ΜΠΡΕΛΟΚ ORIGINAL BAG,,,919085-3000|919085-4700|919085-5200|919085-6200|919085-7100|919085-7300,,6.30,6.30,60,https://www.polo.gr/bags/back2school/grafiki/el-notebook-spiral-classic-note-a4-3sub-polo-3000/|https://www.polo.gr/bags/back2school/grafiki/el-notebook-spiral-classic-note-a4-3sub-polo-4700/|https://www.polo.gr/bags/back2school/grafiki/el-notebook-spiral-classic-note-a4-3sub-polo-5200/|https://www.polo.gr/bags/back2school/grafiki/el-notebook-spiral-classic-note-a4-3sub-polo-6200/|https://www.polo.gr/bags/back2school/grafiki/el-notebook-spiral-classic-note-a4-3sub-polo-7100/|https://www.polo.gr/bags/back2school/grafiki/el-notebook-spiral-classic-note-a4-3sub-polo-7300/
919086,ΤΕΤΡΑΔΙΟ SPIRAL CLASSIC NOTE A4 4Θ POLO.GR,6,3000|4700|5200|6200|7100|7300,ΜΠΡΕΛΟΚ ORIGINAL BAG,,,919086-3000|919086-4700|919086-5200|919086-6200|919086-7100|919086-7300,,8.10,8.10,60,https://www.polo.gr/bags/back2school/grafiki/el-notebook-spiral-classic-note-a4-4sub-polo-3000/|https://www.polo.gr/bags/back2school/grafiki/el-notebook-spiral-classic-note-a4-4sub-polo-4700/|https://www.polo.gr/bags/back2school/grafiki/el-notebook-spiral-classic-note-a4-4sub-polo-5200/|https://www.polo.gr/bags/back2school/grafiki/el-notebook-spiral-classic-note-a4-4sub-polo-6200/|https://www.polo.gr/bags/back2school/grafiki/el-notebook-spiral-classic-note-a4-4sub-polo-7100/|https://www.polo.gr/bags/back2school/grafiki/el-notebook-spiral-classic-note-a4-4sub-polo-7300/
926925,ΦΑΡΜΑΚΕΙΟ (Μ),1,03,ΜΠΡΕΛΟΚ ORIGINAL BAG,,,926925-03,,19.00,19.00,5,https://www.polo.gr/bags/travel/el-travel-accessories/el-first-aid-medium/
926926,ΦΑΡΜΑΚΕΙΟ (L),1,03,ΜΠΡΕΛΟΚ ORIGINAL BAG,,,926926-03,,39.90,39.90,5,https://www.polo.gr/bags/travel/el-travel-accessories/el-first-aid-large/
927001,ΚΟΡΔΟΝΙ ΛΑΙΜΟΥ ΓΙΑ ΚΙΝΗΤΟ,6,2000|2025|4400|4700|6000|8410,ΚΟΡΔΟΝΙ ΜΠΡΕΛΟΚ,,,927001-2000|927001-2025|927001-4400|927001-4700|927001-6000|927001-8410,,6.40,6.40,54,https://www.polo.gr/bags/back2school/school-accessories/el-neck-cord-celly-2000-2/|https://www.polo.gr/bags/back2school/school-accessories/el-neck-cord-celly-2025/|https://www.polo.gr/bags/back2school/school-accessories/el-neck-cord-celly-4400/|https://www.polo.gr/bags/back2school/school-accessories/el-neck-cord-celly-4700/|https://www.polo.gr/bags/back2school/school-accessories/el-neck-cord-celly-6000/|https://www.polo.gr/bags/back2school/school-accessories/el-neck-cord-celly-8410/
927002,ΚΟΡΔΟΝΙ ΛΑΙΜΟΥ ΑΛΥΣΙΔΑ ΓΙΑ ΚΙΝΗΤΟ,6,2000|2200|3900|4000|4500|5200,ΚΟΡΔΟΝΙ ΜΠΡΕΛΟΚ ΓΙΑ ΚΙΝΗΤΟ,,,927002-2000|927002-2200|927002-3900|927002-4000|927002-4500|927002-5200,,6.60,6.60,60,https://www.polo.gr/bags/back2school/school-accessories/el-neck-cord-celly-2000/|https://www.polo.gr/bags/back2school/school-accessories/el-neck-cord-celly-2200/|https://www.polo.gr/bags/back2school/school-accessories/el-neck-cord-celly-3900/|https://www.polo.gr/bags/back2school/school-accessories/el-neck-cord-celly-4000/|https://www.polo.gr/bags/back2school/school-accessories/el-neck-cord-celly-4500/|https://www.polo.gr/bags/back2school/school-accessories/el-neck-cord-celly-5200/
927003,ΚΟΡΔΟΝΙ ΜΠΡΕΛΟΚ ΓΙΑ ΚΙΝΗΤΟ,6,2000|2025|3025|4500|4700|5200,ΚΟΡΔΟΝΙ ΜΠΡΕΛΟΚ,,,927003-2000|927003-2025|927003-3025|927003-4500|927003-4700|927003-5200,,6.00,6.00,62,https://www.polo.gr/bags/back2school/school-accessories/el-keyring-celly-2000/|https://www.polo.gr/bags/back2school/school-accessories/el-keyring-celly-2025/|https://www.polo.gr/bags/back2school/school-accessories/el-keyring-celly-3025/|https://www.polo.gr/bags/back2school/school-accessories/el-keyring-celly-4500/|https://www.polo.gr/bags/back2school/school-accessories/el-keyring-celly-4700/|https://www.polo.gr/bags/back2school/school-accessories/el-keyring-celly-5200/
927004,ΚΟΡΔΟΝΙ ΜΠΡΕΛΟΚ,6,2000|2200|4700|6500|7300|8219,ΚΟΡΔΟΝΙ ΜΠΡΕΛΟΚ ΓΙΑ ΚΙΝΗΤΟ,,,927004-2000|927004-2200|927004-4700|927004-6500|927004-7300|927004-8219,,5.90,5.90,60,https://www.polo.gr/bags/back2school/school-accessories/el-keyring-cord-2000/|https://www.polo.gr/bags/back2school/school-accessories/el-keyring-cord-2200/|https://www.polo.gr/bags/back2school/school-accessories/el-keyring-cord-4700/|https://www.polo.gr/bags/back2school/school-accessories/el-keyring-cord-6500/|https://www.polo.gr/bags/back2school/school-accessories/el-keyring-cord-7300/|https://www.polo.gr/bags/back2school/school-accessories/el-keyring-cord-8219/
927005,ΜΠΡΕΛΟΚ ORIGINAL BAG,6,2000|2033|3000|4558|4700|5200,ΚΟΡΔΟΝΙ ΜΠΡΕΛΟΚ,,,927005-2000|927005-2033|927005-3000|927005-4558|927005-4700|927005-5200,,11.00,11.00,62,https://www.polo.gr/bags/back2school/school-accessories/el-keyring-original-bag-2000/|https://www.polo.gr/bags/back2school/school-accessories/el-keyring-original-bag-2033/|https://www.polo.gr/bags/back2school/school-accessories/el-keyring-original-bag-3000/|https://www.polo.gr/bags/back2school/school-accessories/el-keyring-original-bag-4558/|https://www.polo.gr/bags/back2school/school-accessories/el-keyring-original-bag-4700/|https://www.polo.gr/bags/back2school/school-accessories/el-keyring-original-bag-5200/
927006,ΜΠΡΕΛΟΚ CLIP ‘N’ ZIP,12,8462|8463|8464|8465|8466|8467|8468|8469|8470|8471|8472|8473,ΜΠΡΕΛΟΚ CLIP 'N' ZIP,,,927006-8462|927006-8463|927006-8464|927006-8465|927006-8466|927006-8467|927006-8468|927006-8469|927006-8470|927006-8471|927006-8472|927006-8473,,8.00,8.00,96,https://www.polo.gr/bags/back2school/school-accessories/el-clip-n-zip-8462/|https://www.polo.gr/bags/back2school/school-accessories/el-clip-n-zip-8463/|https://www.polo.gr/bags/back2school/school-accessories/el-clip-n-zip-8464/|https://www.polo.gr/bags/back2school/school-accessories/el-clip-n-zip-8465/|https://www.polo.gr/bags/back2school/school-accessories/el-clip-n-zip-8466/|https://www.polo.gr/bags/back2school/school-accessories/el-clip-n-zip-8467/|https://www.polo.gr/bags/back2school/school-accessories/el-clip-n-zip-8468/|https://www.polo.gr/bags/back2school/school-accessories/el-clip-n-zip-8469/|https://www.polo.gr/bags/back2school/school-accessories/el-clip-n-zip-8470/|https://www.polo.gr/bags/back2school/school-accessories/el-clip-n-zip-8471/|https://www.polo.gr/bags/back2school/school-accessories/el-clip-n-zip-8472/|https://www.polo.gr/bags/back2school/school-accessories/el-clip-n-zip-8473/
927025SET12,ΜΙΝΙ ΚΑΡΑΜΠΙΝΕΡ POLO,1,0000,ΜΠΡΕΛΟΚ ORIGINAL BAG,,,927025SET12-0000,,0.80,0.80,9,https://www.polo.gr/bags/travel/el-travel-accessories/el-mini-carabiner-polo/
935001,ΖΩΝΗ ΜΕΣΗΣ 125CM,3,2000|5100|7400,ΜΠΡΕΛΟΚ ORIGINAL BAG,,,935001-2000|935001-5100|935001-7400,,6.00,6.00,21,https://www.polo.gr/bags/travel/el-travel-accessories/el-polo-belt-125cm-2000/|https://www.polo.gr/bags/travel/el-travel-accessories/el-polo-belt-125cm-5100/|https://www.polo.gr/bags/travel/el-travel-accessories/el-polo-belt-125cm-7400/
937001,ΚΑΣΕΤΙΝΑ CRYPTIC,3,2002|5001|6501,ΣΑΚΙΔΙΟ CRYPTIC,,,937001-2002|937001-5001|937001-6501,,14.00,14.00,21,https://www.polo.gr/bags/back2school/kasetines/el-pencil-case-cryptic-2002/|https://www.polo.gr/bags/back2school/kasetines/el-pencil-case-cryptic-5001/|https://www.polo.gr/bags/back2school/kasetines/el-pencil-case-cryptic-6501/
937003,ΚΑΣΕΤΙΝΑ BOX,10,2000|2501|2620|3938|4438|4532|4749|4945|6139|7432,ΚΑΣΕΤΙΝΑ DUO BOX|ΜΠΡΕΛΟΚ ORIGINAL BAG,,,937003-2000|937003-2501|937003-2620|937003-3938|937003-4438|937003-4532|937003-4749|937003-4945|937003-6139|937003-7432,,9.00,9.00,113,https://www.polo.gr/bags/back2school/kasetines/el-pencil-case-box-2000/|https://www.polo.gr/bags/back2school/kasetines/el-pencil-case-box-iv-2501/|https://www.polo.gr/bags/back2school/kasetines/el-pencil-case-box-iv-2620/|https://www.polo.gr/bags/back2school/kasetines/el-pencil-case-box-iv-3938/|https://www.polo.gr/bags/back2school/kasetines/el-pencil-case-box-iv-4438/|https://www.polo.gr/bags/back2school/kasetines/el-pencil-case-box-iv-4532/|https://www.polo.gr/bags/back2school/kasetines/el-pencil-case-box-iv-4749/|https://www.polo.gr/bags/back2school/kasetines/el-pencil-case-box-iv-4945/|https://www.polo.gr/bags/back2school/kasetines/el-pencil-case-box-iv-6139/|https://www.polo.gr/bags/back2school/kasetines/el-pencil-case-box-iv-7432/
937004,ΚΑΣΕΤΙΝΑ DUO BOX,11,2000|2620|3324|3947|4649|4859|5644|5853|6357|6558|6963,COFFEE MUG 350ML|ΜΠΡΕΛΟΚ ORIGINAL BAG,,,937004-2000|937004-2620|937004-3324|937004-3947|937004-4649|937004-4859|937004-5644|937004-5853|937004-6357|937004-6558|937004-6963,,9.00,9.00,125,https://www.polo.gr/bags/back2school/kasetines/el-pencil-case-duo-box-2000/|https://www.polo.gr/bags/back2school/kasetines/el-pencil-case-duo-box-iv-dos-2620/|https://www.polo.gr/bags/back2school/kasetines/el-pencil-case-duo-box-iv-dos-3324/|https://www.polo.gr/bags/back2school/kasetines/el-pencil-case-duo-box-iv-dos-3947/|https://www.polo.gr/bags/back2school/kasetines/el-pencil-case-duo-box-iv-dos-4649/|https://www.polo.gr/bags/back2school/kasetines/el-pencil-case-duo-box-iv-dos-4859/|https://www.polo.gr/bags/back2school/kasetines/el-pencil-case-duo-box-iv-dos-5644/|https://www.polo.gr/bags/back2school/kasetines/el-pencil-case-duo-box-iv-dos-5853/|https://www.polo.gr/bags/back2school/kasetines/el-pencil-case-duo-box-iv-dos-6357/|https://www.polo.gr/bags/back2school/kasetines/el-pencil-case-duo-box-iv-dos-6558/|https://www.polo.gr/bags/back2school/kasetines/el-pencil-case-duo-box-iv-dos-6963/
937006,ΚΑΣΕΤΙΝΑ ORIGINAL WALLET,24,2000|2620|2900|3000|3324|3947|4438|4532|4649|4859|5000|5644|5853|6357|6558|7432|8411|8412|8413|8414|8415|8416|8417|8418,ΜΠΡΕΛΟΚ ORIGINAL BAG|ΣΑΚΙΔΙΟ ORIGINAL DOUBLE SCARF|ΣΑΚΙΔΙΟ ORIGINAL SCARF|ΣΑΚΙΔΙΟ ORIGINAL DOUBLE SCARF GRADIENT|ΣΑΚΙΔΙΟ ORIGINAL SCARF GRADIENT,,,937006-2000|937006-2620|937006-2900|937006-3000|937006-3324|937006-3947|937006-4438|937006-4532|937006-4649|937006-4859|937006-5000|937006-5644|937006-5853|937006-6357|937006-6558|937006-7432|937006-8411|937006-8412|937006-8413|937006-8414|937006-8415|937006-8416|937006-8417|937006-8418,,6.50,6.50,276,https://www.polo.gr/bags/back2school/kasetines/el-pencil-case-original-wallet-2000/|https://www.polo.gr/bags/back2school/kasetines/el-pencil-case-wallet-v-dos-2620/|https://www.polo.gr/bags/back2school/kasetines/el-pencil-case-original-wallet-2900/|https://www.polo.gr/bags/back2school/kasetines/el-pencil-case-original-wallet-3000/|https://www.polo.gr/bags/back2school/kasetines/el-pencil-case-wallet-v-dos-3324/|https://www.polo.gr/bags/back2school/kasetines/el-pencil-case-wallet-v-dos-3947/|https://www.polo.gr/bags/back2school/kasetines/el-pencil-case-wallet-v-dos-4438/|https://www.polo.gr/bags/back2school/kasetines/el-pencil-case-wallet-v-dos-4532/|https://www.polo.gr/bags/back2school/kasetines/el-pencil-case-wallet-v-dos-4649/|https://www.polo.gr/bags/back2school/kasetines/el-pencil-case-wallet-v-dos-4859/|https://www.polo.gr/bags/back2school/kasetines/el-pencil-case-original-wallet-5000/|https://www.polo.gr/bags/back2school/kasetines/el-pencil-case-wallet-v-dos-5644/|https://www.polo.gr/bags/back2school/kasetines/el-pencil-case-wallet-v-dos-5853/|https://www.polo.gr/bags/back2school/kasetines/el-pencil-case-wallet-v-dos-6357/|https://www.polo.gr/bags/back2school/kasetines/el-pencil-case-wallet-v-dos-6558/|https://www.polo.gr/bags/back2school/kasetines/el-pencil-case-wallet-v-dos-7432/|https://www.polo.gr/bags/back2school/kasetines/el-pencil-case-wallet-v-degr-8411/|https://www.polo.gr/bags/back2school/kasetines/el-pencil-case-wallet-v-degr-8412/|https://www.polo.gr/bags/back2school/kasetines/el-pencil-case-wallet-v-degr-8413/|https://www.polo.gr/bags/back2school/kasetines/el-pencil-case-wallet-v-degr-8414/|https://www.polo.gr/bags/back2school/kasetines/el-pencil-case-wallet-v-degr-8415/|https://www.polo.gr/bags/back2school/kasetines/el-pencil-case-wallet-v-degr-8416/|https://www.polo.gr/bags/back2school/kasetines/el-pencil-case-wallet-v-degr-8417/|https://www.polo.gr/bags/back2school/kasetines/el-pencil-case-wallet-v-degr-8418/
937008,ΚΑΣΕΤΙΝΑ ROLL,12,2000|2001|2501|2600|3000|3600|3900|4100|4601|5802|6501|6600,ΚΑΣΕΤΙΝΑ PINS|ΚΟΡΔΟΝΙ ΛΑΙΜΟΥ ΓΙΑ ΚΙΝΗΤΟ,,,937008-2000|937008-2001|937008-2501|937008-2600|937008-3000|937008-3600|937008-3900|937008-4100|937008-4601|937008-5802|937008-6501|937008-6600,,5.00,5.00,128,https://www.polo.gr/bags/back2school/kasetines/el-pencil-case-roll-cord-2000/|https://www.polo.gr/bags/back2school/kasetines/el-pencil-case-roll-vinyl-2001/|https://www.polo.gr/bags/back2school/kasetines/el-pencil-case-roll-cord-2501/|https://www.polo.gr/bags/back2school/kasetines/el-pencil-case-roll-cord-2600/|https://www.polo.gr/bags/back2school/kasetines/el-pencil-case-roll-vinyl-3000/|https://www.polo.gr/bags/back2school/kasetines/el-pencil-case-roll-cord-3600/|https://www.polo.gr/bags/back2school/kasetines/el-pencil-case-roll-vinyl-3900/|https://www.polo.gr/bags/back2school/kasetines/el-pencil-case-roll-cord-4100/|https://www.polo.gr/bags/back2school/kasetines/el-pencil-case-roll-cord-4601/|https://www.polo.gr/bags/back2school/kasetines/el-pencil-case-roll-cord-5802/|https://www.polo.gr/bags/back2school/kasetines/el-pencil-case-roll-cord-6501/|https://www.polo.gr/bags/back2school/kasetines/el-pencil-case-roll-vinyl-6600/
937013,ΚΑΣΕΤΙΝΑ ANIMALITY,6,8456|8457|8458|8459|8460|8461,MINI WALLET MEMO,,,937013-8456|937013-8457|937013-8458|937013-8459|937013-8460|937013-8461,,9.90,9.90,60,https://www.polo.gr/bags/back2school/kasetines/el-pencil-case-animality-8456/|https://www.polo.gr/bags/back2school/kasetines/el-pencil-case-animality-8457/|https://www.polo.gr/bags/back2school/kasetines/el-pencil-case-animality-8458/|https://www.polo.gr/bags/back2school/kasetines/el-pencil-case-animality-8459/|https://www.polo.gr/bags/back2school/kasetines/el-pencil-case-animality-8460/|https://www.polo.gr/bags/back2school/kasetines/el-pencil-case-animality-8461/
937014,ΚΑΣΕΤΙΝΑ PINS,8,2000|3400|4300|4501|5200|6400|6700|7700,ΜΠΡΕΛΟΚ ORIGINAL BAG|ΣΑΚΙΔΙΟ PINS,,,937014-2000|937014-3400|937014-4300|937014-4501|937014-5200|937014-6400|937014-6700|937014-7700,,5.00,5.00,96,https://www.polo.gr/bags/back2school/kasetines/el-pencil-case-pins-2000/|https://www.polo.gr/bags/back2school/kasetines/el-pencil-case-pins-3400/|https://www.polo.gr/bags/back2school/kasetines/el-pencil-case-pins-4300/|https://www.polo.gr/bags/back2school/kasetines/el-pencil-case-pins-4501/|https://www.polo.gr/bags/back2school/kasetines/el-pencil-case-pins-5200/|https://www.polo.gr/bags/back2school/kasetines/el-pencil-case-pins-6400/|https://www.polo.gr/bags/back2school/kasetines/el-pencil-case-pins-6700/|https://www.polo.gr/bags/back2school/kasetines/el-pencil-case-pins-7700/
937015,ΚΑΣΕΤΙΝΑ HANDLE,5,2000|8115|8309|8411|8418,ΜΠΡΕΛΟΚ ORIGINAL BAG|ΣΑΚΙΔΙΟ FOCUS,,,937015-2000|937015-8115|937015-8309|937015-8411|937015-8418,,10.00,10.00,45,https://www.polo.gr/bags/back2school/kasetines/el-pencil-case-handle-2000/|https://www.polo.gr/bags/back2school/kasetines/el-pencil-case-handle-8115/|https://www.polo.gr/bags/back2school/kasetines/el-pencil-case-handle-8309/|https://www.polo.gr/bags/back2school/kasetines/el-pencil-case-handle-8411/|https://www.polo.gr/bags/back2school/kasetines/el-pencil-case-handle-8418/
937017,ΚΑΣΕΤΙΝΑ TRES,6,2000|3300|4300|4500|5000|6800,ΜΠΡΕΛΟΚ ORIGINAL BAG|ΣΑΚΙΔΙΟ WONDER|ΣΑΚΙΔΙΟ PINS,,,937017-2000|937017-3300|937017-4300|937017-4500|937017-5000|937017-6800,,9.00,9.00,60,https://www.polo.gr/bags/back2school/kasetines/el-pencil-case-tres-2000/|https://www.polo.gr/bags/back2school/kasetines/el-pencil-case-tres-3300/|https://www.polo.gr/bags/back2school/kasetines/el-pencil-case-tres-4300/|https://www.polo.gr/bags/back2school/kasetines/el-pencil-case-tres-4500/|https://www.polo.gr/bags/back2school/kasetines/el-pencil-case-tres-5000/|https://www.polo.gr/bags/back2school/kasetines/el-pencil-case-tres-6800/
937019,ΚΑΣΕΤΙΝΑ RUBBER,8,8435|8436|8437|8438|8440|8441|8442|8443,ΣΑΚΙΔΙΟ SPARKLE|ΣΑΚΙΔΙΟ YOUNGSTER,,,937019-8435|937019-8436|937019-8437|937019-8438|937019-8440|937019-8441|937019-8442|937019-8443,,12.00,12.00,96,https://www.polo.gr/bags/back2school/kasetines/el-pencil-case-rubber-8435/|https://www.polo.gr/bags/back2school/kasetines/el-pencil-case-rubber-8436/|https://www.polo.gr/bags/back2school/kasetines/el-pencil-case-rubber-8437/|https://www.polo.gr/bags/back2school/kasetines/el-pencil-case-rubber-8438/|https://www.polo.gr/bags/back2school/kasetines/el-pencil-case-rubber-8440/|https://www.polo.gr/bags/back2school/kasetines/el-pencil-case-rubber-8441/|https://www.polo.gr/bags/back2school/kasetines/el-pencil-case-rubber-8442/|https://www.polo.gr/bags/back2school/kasetines/el-pencil-case-rubber-8443/
937055,ΚΑΣΕΤΙΝΑ FREELY,4,8419|8420|8421|8422,LUNCH BAG KID'S FUN II,,,937055-8419|937055-8420|937055-8421|937055-8422,5201927142278,15.00,15.00,34,https://www.polo.gr/bags/back2school/kasetines/el-pencil-case-freely-8419/|https://www.polo.gr/bags/back2school/kasetines/el-pencil-case-freely-8420/|https://www.polo.gr/bags/back2school/kasetines/el-pencil-case-freely-8421/|https://www.polo.gr/bags/back2school/kasetines/el-pencil-case-freely-8422/
937056,ΚΑΣΕΤΙΝΑ ORBIT,4,8423|8424|8425|8426,LUNCH BAG KID'S FUN II,,,937056-8423|937056-8424|937056-8425|937056-8426,,15.00,15.00,32,https://www.polo.gr/bags/back2school/kasetines/el-backback-orbit-8423/|https://www.polo.gr/bags/back2school/kasetines/el-backback-orbit-8424/|https://www.polo.gr/bags/back2school/kasetines/el-backback-orbit-8425/|https://www.polo.gr/bags/back2school/kasetines/el-backback-orbit-8426/
937072,ΚΑΣΕΤΙΝΑ KINETIC,4,8427|8428|8429|8430,ΣΑΚΙΔΙΟ KINETIC,,,937072-8427|937072-8428|937072-8429|937072-8430,,9.00,9.00,32,https://www.polo.gr/bags/back2school/kasetines/el-pencil-case-kinetic-8427-2/|https://www.polo.gr/bags/back2school/kasetines/el-pencil-case-kinetic-8428-2/|https://www.polo.gr/bags/back2school/kasetines/el-pencil-case-kinetic-8429-2/|https://www.polo.gr/bags/back2school/kasetines/el-pencil-case-kinetic-8430-2/
937077,ΚΑΣΕΤΙΝΑ FUSION,4,8431|8432|8433|8434,ΣΑΚΙΔΙΟ FUSION,,,937077-8431|937077-8432|937077-8433|937077-8434,,9.00,9.00,32,https://www.polo.gr/bags/back2school/kasetines/el-pencil-case-fusion-8431/|https://www.polo.gr/bags/back2school/kasetines/el-pencil-case-fusion-8432/|https://www.polo.gr/bags/back2school/kasetines/el-pencil-case-fusion-8433/|https://www.polo.gr/bags/back2school/kasetines/el-pencil-case-fusion-8434/
938001,BEAUTY CASE NECESSITY,2,3300|5500,ΜΠΡΕΛΟΚ CLIP 'N' ZIP,,,938001-3300|938001-5500,,13.20,13.20,15,https://www.polo.gr/bags/travel/el-travel-accessories/el-neseser-necessity-3300/|https://www.polo.gr/bags/travel/el-travel-accessories/el-neseser-necessity-5500/
938003,ΠΟΡΤΟΦΟΛΙ CLASSIC VERTICAL,2,2000|3300,ΜΠΡΕΛΟΚ ORIGINAL BAG|THERMO MUG INOX 900ML,,,938003-2000|938003-3300,,19.90,19.90,16,https://www.polo.gr/bags/travel/travel-wallets/el-wallet-classic-vertical-003-2000/|https://www.polo.gr/bags/travel/travel-wallets/el-wallet-classic-vertical-003-3000/
938004,MINI ΠΟΡΤΟΦΟΛΑΚΙ,12,2000|2001|2002|2003|3000|3001|3900|3901|6600|6601|7900|7901,ΜΠΡΕΛΟΚ ORIGINAL BAG,,,938004-2000|938004-2001|938004-2002|938004-2003|938004-3000|938004-3001|938004-3900|938004-3901|938004-6600|938004-6601|938004-7900|938004-7901,,2.70,2.70,144,https://www.polo.gr/bags/back2school/school-accessories/el-mini-wallet-004-2000/|https://www.polo.gr/bags/back2school/school-accessories/el-mini-wallet-004-2001/|https://www.polo.gr/bags/back2school/school-accessories/el-mini-wallet-004-2002/|https://www.polo.gr/bags/back2school/school-accessories/el-mini-wallet-004-2003/|https://www.polo.gr/bags/back2school/school-accessories/el-mini-wallet-004-3000/|https://www.polo.gr/bags/back2school/school-accessories/el-mini-wallet-004-3001/|https://www.polo.gr/bags/back2school/school-accessories/el-mini-wallet-004-3900/|https://www.polo.gr/bags/back2school/school-accessories/el-mini-wallet-004-3901/|https://www.polo.gr/bags/back2school/school-accessories/el-mini-wallet-004-6600/|https://www.polo.gr/bags/back2school/school-accessories/el-mini-wallet-004-6601/|https://www.polo.gr/bags/back2school/school-accessories/el-mini-wallet-004-7900/|https://www.polo.gr/bags/back2school/school-accessories/el-mini-wallet-004-7901/
938005,MINI ΠΟΡΤΟΦΟΛΑΚΙ ANIMALS 1,6,8396|8397|8398|8399|8400|8401,ΜΠΡΕΛΟΚ CLIP 'N' ZIP|MINI WALLET MEMO,,,938005-8396|938005-8397|938005-8398|938005-8399|938005-8400|938005-8401,,4.20,4.20,60,https://www.polo.gr/bags/back2school/school-accessories/el-mini-wallet-crazy-animals-1-8396/|https://www.polo.gr/bags/back2school/school-accessories/el-mini-wallet-crazy-animals-1-8397/|https://www.polo.gr/bags/back2school/school-accessories/el-mini-wallet-crazy-animals-1-8398/|https://www.polo.gr/bags/back2school/school-accessories/el-mini-wallet-crazy-animals-1-8399/|https://www.polo.gr/bags/back2school/school-accessories/el-mini-wallet-crazy-animals-1-8400/|https://www.polo.gr/bags/back2school/school-accessories/el-mini-wallet-crazy-animals-1-8401/
938006,MINI ΠΟΡΤΟΦΟΛΑΚΙ ANIMALS 2,6,8402|8403|8404|8405|8406|8407,MINI WALLET MEMO|ΜΠΡΕΛΟΚ CLIP 'N' ZIP,,,938006-8402|938006-8403|938006-8404|938006-8405|938006-8406|938006-8407,,4.90,4.90,60,https://www.polo.gr/bags/back2school/school-accessories/el-mini-wallet-crazy-animals-2-i-8402/|https://www.polo.gr/bags/back2school/school-accessories/el-mini-wallet-crazy-animals-2-i-8403/|https://www.polo.gr/bags/back2school/school-accessories/el-mini-wallet-crazy-animals-2-i-8404/|https://www.polo.gr/bags/back2school/school-accessories/el-mini-wallet-crazy-animals-2-i-8405/|https://www.polo.gr/bags/back2school/school-accessories/el-mini-wallet-crazy-animals-2-i-8406/|https://www.polo.gr/bags/back2school/school-accessories/el-mini-wallet-crazy-animals-2-i-8407/
938008,WASH BAG GENTS,2,2000|6400,ΜΠΡΕΛΟΚ ORIGINAL BAG|ΜΠΡΕΛΟΚ CLIP 'N' ZIP,,,938008-2000|938008-6400,,22.00,22.00,12,https://www.polo.gr/bags/travel/el-travel-accessories/el-wash-bag-gents-2000/|https://www.polo.gr/bags/travel/el-travel-accessories/el-wash-bag-gents-6400/
938013,ΠΟΡΤΟΦΟΛΙ RFID SMALL,3,05|09|30,ΜΠΡΕΛΟΚ ORIGINAL BAG|WALLET RFID SMALL,,,938013-05|938013-09|938013-30,,14.00,14.00,21,https://www.polo.gr/bags/back2school/school-accessories/el-wallet-rfid-small-05/|https://www.polo.gr/bags/back2school/school-accessories/el-wallet-rfid-small-09/|https://www.polo.gr/bags/back2school/school-accessories/el-wallet-rfid-small-30/
938015,MINI WALLET MEMO,6,8033|8071|8120|8144|8474|8475,ΜΠΡΕΛΟΚ CLIP 'N' ZIP,,,938015-8033|938015-8071|938015-8120|938015-8144|938015-8474|938015-8475,,9.90,9.90,66,https://www.polo.gr/bags/back2school/school-accessories/el-mini-wallet-memo-8033/|https://www.polo.gr/bags/back2school/school-accessories/el-mini-wallet-memo-8071/|https://www.polo.gr/bags/back2school/school-accessories/el-mini-wallet-memo-8120/|https://www.polo.gr/bags/back2school/school-accessories/el-mini-wallet-memo-8144/|https://www.polo.gr/bags/back2school/school-accessories/el-mini-wallet-memo-8474/|https://www.polo.gr/bags/back2school/school-accessories/el-mini-wallet-memo-8475/
938016,COSMETIC BAG SEYA,2,8485|8486,ΤΣΑΝΤΑΚΙ SEYA|ΤΣΑΝΤΑ ΠΟΥΓΚΙ SEYA,,,938016-8485|938016-8486,,13.20,13.20,12,https://www.polo.gr/bags/urban/women-bag/el-cosmetic-bag-seya-8485/|https://www.polo.gr/bags/urban/women-bag/el-cosmetic-bag-seya-8486/
942004,ΜΑΝΤΗΛΙ MULTI SCARF POLO,18,09|13|2000|24|8095|8096|8112|8113|8114|8115|8116|8117|8170|8171|8172|8173|8175|94,ΜΠΡΕΛΟΚ ORIGINAL BAG|COFFEE MUG 350ML,,,942004-09|942004-13|942004-2000|942004-24|942004-8095|942004-8096|942004-8112|942004-8113|942004-8114|942004-8115|942004-8116|942004-8117|942004-8170|942004-8171|942004-8172|942004-8173|942004-8175|942004-94,,7.40,7.40,216,https://www.polo.gr/bags/atomiki-prostasia/%ce%bc%ce%b1%ce%bd%cf%84%ce%ae%ce%bb%ce%b9%ce%b1-multi-scarf/el-multi-scarf-polo-09/|https://www.polo.gr/bags/atomiki-prostasia/%ce%bc%ce%b1%ce%bd%cf%84%ce%ae%ce%bb%ce%b9%ce%b1-multi-scarf/el-multi-scarf-polo-13/|https://www.polo.gr/bags/atomiki-prostasia/%ce%bc%ce%b1%ce%bd%cf%84%ce%ae%ce%bb%ce%b9%ce%b1-multi-scarf/el-multi-scarf-polo-2000/|https://www.polo.gr/bags/atomiki-prostasia/%ce%bc%ce%b1%ce%bd%cf%84%ce%ae%ce%bb%ce%b9%ce%b1-multi-scarf/el-multi-scarf-polo-24/|https://www.polo.gr/bags/atomiki-prostasia/%ce%bc%ce%b1%ce%bd%cf%84%ce%ae%ce%bb%ce%b9%ce%b1-multi-scarf/el-multi-scarf-polo-8095/|https://www.polo.gr/bags/atomiki-prostasia/%ce%bc%ce%b1%ce%bd%cf%84%ce%ae%ce%bb%ce%b9%ce%b1-multi-scarf/el-multi-scarf-polo-8096/|https://www.polo.gr/bags/atomiki-prostasia/%ce%bc%ce%b1%ce%bd%cf%84%ce%ae%ce%bb%ce%b9%ce%b1-multi-scarf/el-multi-scarf-polo-8112/|https://www.polo.gr/bags/atomiki-prostasia/%ce%bc%ce%b1%ce%bd%cf%84%ce%ae%ce%bb%ce%b9%ce%b1-multi-scarf/el-multi-scarf-polo-8113/|https://www.polo.gr/bags/atomiki-prostasia/%ce%bc%ce%b1%ce%bd%cf%84%ce%ae%ce%bb%ce%b9%ce%b1-multi-scarf/el-multi-scarf-polo-8114/|https://www.polo.gr/bags/atomiki-prostasia/%ce%bc%ce%b1%ce%bd%cf%84%ce%ae%ce%bb%ce%b9%ce%b1-multi-scarf/el-multi-scarf-polo-8115/|https://www.polo.gr/bags/atomiki-prostasia/%ce%bc%ce%b1%ce%bd%cf%84%ce%ae%ce%bb%ce%b9%ce%b1-multi-scarf/el-multi-scarf-polo-8116/|https://www.polo.gr/bags/atomiki-prostasia/%ce%bc%ce%b1%ce%bd%cf%84%ce%ae%ce%bb%ce%b9%ce%b1-multi-scarf/el-multi-scarf-polo-8117/|https://www.polo.gr/bags/atomiki-prostasia/%ce%bc%ce%b1%ce%bd%cf%84%ce%ae%ce%bb%ce%b9%ce%b1-multi-scarf/el-multi-scarf-polo-8170/|https://www.polo.gr/bags/atomiki-prostasia/%ce%bc%ce%b1%ce%bd%cf%84%ce%ae%ce%bb%ce%b9%ce%b1-multi-scarf/el-multi-scarf-polo-8171/|https://www.polo.gr/bags/atomiki-prostasia/%ce%bc%ce%b1%ce%bd%cf%84%ce%ae%ce%bb%ce%b9%ce%b1-multi-scarf/el-multi-scarf-polo-8172/|https://www.polo.gr/bags/atomiki-prostasia/%ce%bc%ce%b1%ce%bd%cf%84%ce%ae%ce%bb%ce%b9%ce%b1-multi-scarf/el-multi-scarf-polo-8173/|https://www.polo.gr/bags/atomiki-prostasia/%ce%bc%ce%b1%ce%bd%cf%84%ce%ae%ce%bb%ce%b9%ce%b1-multi-scarf/el-multi-scarf-polo-8175/|https://www.polo.gr/bags/atomiki-prostasia/el-multi-scarf-polo-94/
942005,ΜΑΝΤΗΛΙ MULTI SCARF ΜΕ FLEECE POLO,8,03|8112|8113|8114|8117|8170|8172|90,ΜΠΡΕΛΟΚ ORIGINAL BAG|COFFEE MUG 350ML,,,942005-03|942005-8112|942005-8113|942005-8114|942005-8117|942005-8170|942005-8172|942005-90,,9.90,9.90,96,https://www.polo.gr/bags/atomiki-prostasia/%ce%bc%ce%b1%ce%bd%cf%84%ce%ae%ce%bb%ce%b9%ce%b1-multi-scarf/el-multi-scarf-fleece-polo-03/|https://www.polo.gr/bags/atomiki-prostasia/%ce%bc%ce%b1%ce%bd%cf%84%ce%ae%ce%bb%ce%b9%ce%b1-multi-scarf/el-multi-scarf-fleece-polo-8112/|https://www.polo.gr/bags/atomiki-prostasia/%ce%bc%ce%b1%ce%bd%cf%84%ce%ae%ce%bb%ce%b9%ce%b1-multi-scarf/el-multi-scarf-fleece-polo-8113/|https://www.polo.gr/bags/atomiki-prostasia/%ce%bc%ce%b1%ce%bd%cf%84%ce%ae%ce%bb%ce%b9%ce%b1-multi-scarf/el-multi-scarf-fleece-polo-8114/|https://www.polo.gr/bags/atomiki-prostasia/%ce%bc%ce%b1%ce%bd%cf%84%ce%ae%ce%bb%ce%b9%ce%b1-multi-scarf/el-multi-scarf-fleece-polo-8117/|https://www.polo.gr/bags/atomiki-prostasia/%ce%bc%ce%b1%ce%bd%cf%84%ce%ae%ce%bb%ce%b9%ce%b1-multi-scarf/el-multi-scarf-fleece-polo-8170/|https://www.polo.gr/bags/atomiki-prostasia/%ce%bc%ce%b1%ce%bd%cf%84%ce%ae%ce%bb%ce%b9%ce%b1-multi-scarf/el-multi-scarf-fleece-polo-8172/|https://www.polo.gr/bags/atomiki-prostasia/%ce%bc%ce%b1%ce%bd%cf%84%ce%ae%ce%bb%ce%b9%ce%b1-multi-scarf/el-multi-scarf-fleece-polo-90/
943030,ΠΕΤΣΕΤΑ SPORT TOWEL M (40X80) POLO,4,2100|4700|5600|6300,ΜΠΡΕΛΟΚ ORIGINAL BAG,,,943030-2100|943030-4700|943030-5600|943030-6300,,11.00,11.00,35,https://www.polo.gr/bags/travel/el-travel-accessories/el-sport-towel-m-40x80-polo-2100/|https://www.polo.gr/bags/travel/el-travel-accessories/el-sport-towel-m-40x80-polo-4700/|https://www.polo.gr/bags/travel/el-travel-accessories/el-sport-towel-m-40x80-polo-5600/|https://www.polo.gr/bags/travel/el-travel-accessories/el-sport-towel-m-40x80-polo-6300/
943032,ΠΕΤΣΕΤΑ SPORT TOWEL XL (63X150) POLO,4,2100|4700|5600|6300,ΜΠΡΕΛΟΚ ORIGINAL BAG,,,943032-2100|943032-4700|943032-5600|943032-6300,,23.50,23.50,32,https://www.polo.gr/bags/travel/el-travel-accessories/el-sport-towel-xl-63x150-polo-2100/|https://www.polo.gr/bags/travel/el-travel-accessories/el-sport-towel-xl-63x150-polo-4700/|https://www.polo.gr/bags/travel/el-travel-accessories/el-sport-towel-xl-63x150-polo-5600/|https://www.polo.gr/bags/travel/el-travel-accessories/el-sport-towel-xl-63x150-polo-6300/
948001,ΠΑΓΟΥΡΙ TRITAN KID’S 450ml,6,8311|8312|8313|8314|8315|8316,ΠΑΓΟΥΡΙ TRITAN KID'S 450ml,,,948001-8311|948001-8312|948001-8313|948001-8314|948001-8315|948001-8316,,9.00,9.00,62,https://www.polo.gr/bags/back2school/el-back2school-bottles-thermos/el-bottle-0-45l-tritan-8311/|https://www.polo.gr/bags/back2school/el-back2school-bottles-thermos/el-bottle-0-45l-tritan-8312/|https://www.polo.gr/bags/back2school/el-back2school-bottles-thermos/el-bottle-0-45l-tritan-8313/|https://www.polo.gr/bags/back2school/el-back2school-bottles-thermos/el-bottle-0-45l-tritan-8314/|https://www.polo.gr/bags/back2school/el-back2school-bottles-thermos/el-bottle-0-45l-tritan-8315/|https://www.polo.gr/bags/back2school/el-back2school-bottles-thermos/el-bottle-0-45l-tritan-8316/
948005,ΠΑΓΟΥΡΙ CLASSIC 0.60lt (N.31) LAKEN,7,03|04|05|09|14|17|57,ΠΑΓΟΥΡΙ CLASSIC 0.60 lt (N.31) LAKEN|COFFEE MUG 350ML|ΜΠΡΕΛΟΚ ORIGINAL BAG|ΠΑΓΟΥΡΙ FUTURA 0.75lt (N.72) LAKEN,,,948005-03|948005-04|948005-05|948005-09|948005-14|948005-17|948005-57,,8.00,8.00,84,https://www.polo.gr/bags/back2school/el-back2school-bottles-thermos/el-bottle-classic-n-31-0-60lt-03/|https://www.polo.gr/bags/travel/el-travel-bottles-thermos/el-bottle-classic-n-31-0-60lt-04/|https://www.polo.gr/bags/back2school/el-back2school-bottles-thermos/el-bottle-classic-n-31-0-60lt-05/|https://www.polo.gr/bags/back2school/el-back2school-bottles-thermos/el-bottle-classic-n-31-0-60lt-09/|https://www.polo.gr/bags/back2school/el-back2school-bottles-thermos/el-bottle-classic-n-31-0-60lt-14/|https://www.polo.gr/bags/back2school/el-back2school-bottles-thermos/el-bottle-classic-n-31-0-60lt-17/|https://www.polo.gr/bags/back2school/el-back2school-bottles-thermos/el-bottle-classic-n-31-0-60lt-57/
948006,ΠΑΓΟΥΡΙ CLASSIC 0.75lt (N.32) LAKEN,7,03|04|05|09|14|17|57,ΜΠΡΕΛΟΚ ORIGINAL BAG|COFFEE MUG 350ML|ΠΑΓΟΥΡΙ FUTURA 0.75lt (N.72) LAKEN,,,948006-03|948006-04|948006-05|948006-09|948006-14|948006-17|948006-57,,9.00,9.00,84,https://www.polo.gr/bags/back2school/el-back2school-bottles-thermos/el-bottle-classic-n-32-0-75lt-03/|https://www.polo.gr/bags/travel/el-travel-bottles-thermos/el-bottle-classic-n-32-0-75lt-04/|https://www.polo.gr/bags/back2school/el-back2school-bottles-thermos/el-bottle-classic-n-32-0-75lt-05/|https://www.polo.gr/bags/travel/el-travel-bottles-thermos/el-bottle-classic-n-32-0-75lt-09/|https://www.polo.gr/bags/back2school/el-back2school-bottles-thermos/el-bottle-classic-n-32-0-75lt-14/|https://www.polo.gr/bags/back2school/el-back2school-bottles-thermos/el-bottle-classic-n-32-0-75lt-17/|https://www.polo.gr/bags/travel/el-travel-bottles-thermos/el-bottle-classic-n-32-0-75lt-57/
948007,ΠΑΓΟΥΡΙ CLASSIC 1lt (N.33) LAKEN,6,03|04|05|09|17|57,ΠΑΓΟΥΡΙ CLASSIC 0.75lt (N.32) LAKEN|COFFEE MUG 350ML|ΜΠΡΕΛΟΚ ORIGINAL BAG,,,948007-03|948007-04|948007-05|948007-09|948007-17|948007-57,,9.50,9.50,66,https://www.polo.gr/bags/travel/el-travel-bottles-thermos/el-bottle-classic-n-33-1-00lt-03/|https://www.polo.gr/bags/back2school/el-back2school-bottles-thermos/el-bottle-classic-n-33-1-00lt-04/|https://www.polo.gr/bags/travel/el-travel-bottles-thermos/el-bottle-classic-n-33-1-00lt-05/|https://www.polo.gr/bags/back2school/el-back2school-bottles-thermos/el-bottle-classic-n-33-1-00lt-09/|https://www.polo.gr/bags/back2school/el-back2school-bottles-thermos/el-bottle-classic-n-33-1-00lt-17/|https://www.polo.gr/bags/back2school/el-back2school-bottles-thermos/el-bottle-classic-n-33-1-00lt-57/
948008,ΠΑΓΟΥΡΙ TRITAN WITH STRAP 600ML,3,2100|4400|6000,ΜΠΡΕΛΟΚ ORIGINAL BAG,,,948008-2100|948008-4400|948008-6000,,14.00,14.00,22,https://www.polo.gr/bags/back2school/el-back2school-bottles-thermos/el-set-bottle-tritan-with-strap-2100/|https://www.polo.gr/bags/travel/el-travel-bottles-thermos/el-set-bottle-tritan-with-strap-4400/|https://www.polo.gr/bags/travel/el-travel-bottles-thermos/el-set-bottle-tritan-with-strap-6000/
948011,ΠΑΓΟΥΡΙ TRITAN OMBRE 730ML,3,8317|8318|8319,ΜΠΡΕΛΟΚ ORIGINAL BAG,,,948011-8317|948011-8318|948011-8319,,16.00,16.00,22,https://www.polo.gr/bags/back2school/el-back2school-bottles-thermos/el-bottle-tritan-ombre-730-ml-8317/|https://www.polo.gr/bags/travel/el-travel-bottles-thermos/el-bottle-tritan-ombre-730-ml-8318/|https://www.polo.gr/bags/travel/el-travel-bottles-thermos/el-bottle-tritan-ombre-730-ml-8319/
948014,ΠΑΓΟΥΡΙ FUTURA 0.75lt (N.72) LAKEN,8,03|0409|05|12|1417|16|1704|5714,ΠΑΓΟΥΡΙ FUTURA 1.00lt (N.73) LAKEN|ΜΠΡΕΛΟΚ ORIGINAL BAG,,,948014-03|948014-0409|948014-05|948014-12|948014-1417|948014-16|948014-1704|948014-5714,,9.00,9.00,96,https://www.polo.gr/bags/back2school/el-back2school-bottles-thermos/el-bottle-futura-n-72-0-75lt-03/|https://www.polo.gr/bags/travel/el-travel-bottles-thermos/el-bottle-futura-n-72-0-75lt-0409/|https://www.polo.gr/bags/back2school/el-back2school-bottles-thermos/el-bottle-futura-n-72-0-75lt-05/|https://www.polo.gr/bags/travel/el-travel-bottles-thermos/el-bottle-futura-n-72-0-75lt-12/|https://www.polo.gr/bags/back2school/el-back2school-bottles-thermos/el-bottle-futura-n-72-0-75lt-1417/|https://www.polo.gr/bags/back2school/el-back2school-bottles-thermos/el-bottle-futura-n-72-0-75lt-16/|https://www.polo.gr/bags/travel/el-travel-bottles-thermos/el-bottle-futura-n-72-0-75lt-1704/|https://www.polo.gr/bags/travel/el-travel-bottles-thermos/el-bottle-futura-n-72-0-75lt-5714/
948015,ΠΑΓΟΥΡΙ FUTURA 1lt (N.73) LAKEN,8,03|0409|05|09|12|1417|16|1704,ΠΑΓΟΥΡΙ FUTURA 0.60lt (N.71) LAKEN|ΠΑΓΟΥΡΙ FUTURA 1.00lt (N.73) LAKEN|ΜΠΡΕΛΟΚ ORIGINAL BAG,,,948015-03|948015-0409|948015-05|948015-09|948015-12|948015-1417|948015-16|948015-1704,,9.50,9.50,96,https://www.polo.gr/bags/back2school/el-back2school-bottles-thermos/el-bottle-futura-n-73-1-00lt-03/|https://www.polo.gr/bags/back2school/el-back2school-bottles-thermos/el-bottle-futura-n-73-1-00lt-0409/|https://www.polo.gr/bags/back2school/el-back2school-bottles-thermos/el-bottle-futura-n-73-1-00lt-05/|https://www.polo.gr/bags/travel/el-travel-bottles-thermos/el-bottle-futura-n-73-1-00lt-09/|https://www.polo.gr/bags/back2school/el-back2school-bottles-thermos/el-bottle-futura-n-73-1-00lt-12/|https://www.polo.gr/bags/back2school/el-back2school-bottles-thermos/el-bottle-futura-n-73-1-00lt-1417/|https://www.polo.gr/bags/travel/el-travel-bottles-thermos/el-bottle-futura-n-73-1-00lt-16/|https://www.polo.gr/bags/back2school/el-back2school-bottles-thermos/el-bottle-futura-n-73-1-00lt-1704/
948016,ΠΑΓΟΥΡΙ FUTURA (1.5lt) (N.74) LAKEN,3,03|05|09,ΠΑΓΟΥΡΙ FUTURA 1.00lt (N.73) LAKEN|ΜΠΡΕΛΟΚ ORIGINAL BAG|ΠΑΓΟΥΡΙ FUTURA (1.5Λ) (N.74) LAKEN,,,948016-03|948016-05|948016-09,,12.00,12.00,24,https://www.polo.gr/bags/travel/el-travel-bottles-thermos/el-bottle-futura-1-5lt-n-74-laken/|https://www.polo.gr/bags/travel/el-travel-bottles-thermos/el-bottle-futura-1-5lt-n-74-laken-3/|https://www.polo.gr/bags/back2school/el-back2school-bottles-thermos/el-bottle-futura-1-5lt-n-74-laken-4/
948049,ΠΑΓΟΥΡΙ FUTURA 0.60lt (N.71) LAKEN,8,03|0409|05|09|1417|16|1704|5714,ΠΑΓΟΥΡΙ FUTURA 1.00lt (N.73) LAKEN|ΜΠΡΕΛΟΚ ORIGINAL BAG,,,948049-03|948049-0409|948049-05|948049-09|948049-1417|948049-16|948049-1704|948049-5714,,8.00,8.00,96,https://www.polo.gr/bags/back2school/el-back2school-bottles-thermos/el-bottle-futura-n-71-0-60lt-03/|https://www.polo.gr/bags/travel/el-travel-bottles-thermos/el-bottle-futura-n-71-0-60lt-0409/|https://www.polo.gr/bags/back2school/el-back2school-bottles-thermos/el-bottle-futura-n-71-0-60lt-05/|https://www.polo.gr/bags/back2school/el-back2school-bottles-thermos/el-bottle-futura-n-71-0-60lt-09/|https://www.polo.gr/bags/back2school/el-back2school-bottles-thermos/el-bottle-futura-n-71-0-60lt-1417/|https://www.polo.gr/bags/back2school/el-back2school-bottles-thermos/el-bottle-futura-n-71-0-60lt-16/|https://www.polo.gr/bags/travel/el-travel-bottles-thermos/el-bottle-futura-n-71-0-60lt-1704/|https://www.polo.gr/bags/travel/el-travel-bottles-thermos/el-bottle-futura-n-71-0-60lt-5714/
949002,ΠΑΓΟΥΡΙ THERMO 750ml,2,2000|3000,COFFEE MUG 350ML|ΚΟΡΔΟΝΙ ΜΠΡΕΛΟΚ ΓΙΑ ΚΙΝΗΤΟ,,,949002-2000|949002-3000,,16.00,16.00,13,https://www.polo.gr/bags/back2school/el-back2school-bottles-thermos/el-thermos-750ml-2000/|https://www.polo.gr/bags/back2school/el-back2school-bottles-thermos/el-thermos-750ml-3000/
949004,"ΘΕΡΜΟΣ STAINLESS STEEL 0,50L POLO DOS",12,2033|2620|3324|4859|5644|6558|8411|8412|8413|8414|8415|8417,THERMO MUG INOX 900ML,,,949004-2033|949004-2620|949004-3324|949004-4859|949004-5644|949004-6558|949004-8411|949004-8412|949004-8413|949004-8414|949004-8415|949004-8417,,16.50,16.50,120,https://www.polo.gr/bags/back2school/el-back2school-bottles-thermos/el-thermos-polo-stainless-steel-050l-set4-dos-2033/|https://www.polo.gr/bags/travel/el-travel-bottles-thermos/el-thermos-polo-stainless-steel-050l-set4-dos-2620/|https://www.polo.gr/bags/back2school/el-back2school-bottles-thermos/el-thermos-polo-stainless-steel-050l-set4-dos-3324/|https://www.polo.gr/bags/travel/el-travel-bottles-thermos/el-thermos-polo-stainless-steel-050l-set4-dos-4859/|https://www.polo.gr/bags/travel/el-travel-bottles-thermos/el-thermos-polo-stainless-steel-050l-set4-dos-5644/|https://www.polo.gr/bags/travel/el-travel-bottles-thermos/el-thermos-polo-stainless-steel-050l-set4-dos-6558/|https://www.polo.gr/bags/back2school/el-back2school-bottles-thermos/el-thermos-polo-stainless-steel-050l-set4-degr-8411/|https://www.polo.gr/bags/travel/el-travel-bottles-thermos/el-thermos-polo-stainless-steel-050l-set4-degr-8412/|https://www.polo.gr/bags/back2school/el-back2school-bottles-thermos/el-thermos-polo-stainless-steel-050l-set4-degr-8413/|https://www.polo.gr/bags/travel/el-travel-bottles-thermos/el-thermos-polo-stainless-steel-050l-set4-degr-8414/|https://www.polo.gr/bags/travel/el-travel-bottles-thermos/el-thermos-polo-stainless-steel-050l-set4-degr-8415/|https://www.polo.gr/bags/back2school/el-back2school-bottles-thermos/el-thermos-polo-stainless-steel-050l-set4-degr-8417/
949006,ΠΑΓΟΥΡΙ THERMO INOX 500ML,1,0000,THERMO MUG INOX 900ML,,,949006-0000,,15.00,15.00,6,https://www.polo.gr/bags/travel/el-travel-bottles-thermos/el-thermos-polo-inox-050-lt/
949007,ΠΑΓΟΥΡΙ THERMO INOX 750ML,1,INOX,THERMO MUG INOX 900ML,,,949007-INOX,,16.00,16.00,6,https://www.polo.gr/bags/travel/el-travel-bottles-thermos/el-thermos-polo-inox-075-lt/
949008,ΠΑΓΟΥΡΙ THERMO INOX 1000ML,1,INOX,THERMO MUG INOX 900ML,,,949008-INOX,,17.60,17.60,5,https://www.polo.gr/bags/travel/el-travel-bottles-thermos/el-thermos-polo-inox-1-lt/
949009,ΘΕΡΜΟΣ INOX 650ML,2,2000|6500,COFFEE MUG 350ML|ΚΟΡΔΟΝΙ ΜΠΡΕΛΟΚ ΓΙΑ ΚΙΝΗΤΟ,,,949009-2000|949009-6500,,16.00,16.00,15,https://www.polo.gr/bags/back2school/el-back2school-bottles-thermos/el-thermos-inox-650ml-2000/|https://www.polo.gr/bags/travel/el-travel-bottles-thermos/el-thermos-inox-650ml-6500/
949019,ΘΕΡΜΟΣ INOX 1100ML,2,2000|6500,COFFEE MUG 350ML|ΚΟΡΔΟΝΙ ΜΠΡΕΛΟΚ ΓΙΑ ΚΙΝΗΤΟ,,,949019-2000|949019-6500,,18.00,18.00,13,https://www.polo.gr/bags/back2school/el-back2school-bottles-thermos/el-thermos-inox-1100ml-2000/|https://www.polo.gr/bags/back2school/el-back2school-bottles-thermos/el-thermos-inox-1100ml-6500/
949020,"ΘΕΡΜΟΣ INOX 1,6LT",1,2100,ΜΠΡΕΛΟΚ ORIGINAL BAG,,,949020-2100,,28.00,28.00,5,https://www.polo.gr/bags/travel/el-travel-bottles-thermos/el-thermos-inox-16lt/
949021,ΘΕΡΜΟΣ INOX 2LT,1,2100,ΚΟΡΔΟΝΙ ΜΠΡΕΛΟΚ ΓΙΑ ΚΙΝΗΤΟ,,,949021-2100,,30.00,30.00,5,https://www.polo.gr/bags/back2school/el-back2school-bottles-thermos/el-thermos-inox-2lt/
949023,THERMO MUG INOX 900ML,3,3801|4400|4500,ΜΠΡΕΛΟΚ ORIGINAL BAG,,,949023-3801|949023-4400|949023-4500,,24.00,24.00,24,https://www.polo.gr/bags/travel/el-travel-bottles-thermos/el-thermo-mug-inox-900ml-3801/|https://www.polo.gr/bags/back2school/el-back2school-bottles-thermos/el-thermo-mug-inox-900ml-4400/|https://www.polo.gr/bags/back2school/el-back2school-bottles-thermos/el-thermo-mug-inox-900ml-4500/
949024,COFFEE MUG 350ML,12,2000|3800|4100|4500|5400|6800|8408|8409|8481|8482|8483|8484,ΜΠΡΕΛΟΚ ORIGINAL BAG|WASH BAG GENTS,,,949024-2000|949024-3800|949024-4100|949024-4500|949024-5400|949024-6800|949024-8408|949024-8409|949024-8481|949024-8482|949024-8483|949024-8484,,16.00,16.00,144,https://www.polo.gr/bags/back2school/el-back2school-bottles-thermos/el-coffee-mug-350ml-2000/|https://www.polo.gr/bags/travel/el-travel-bottles-thermos/el-coffee-mug-350ml-3800/|https://www.polo.gr/bags/travel/el-travel-bottles-thermos/el-coffee-mug-350ml-4100/|https://www.polo.gr/bags/travel/el-travel-bottles-thermos/el-coffee-mug-350ml-4500/|https://www.polo.gr/bags/travel/el-travel-bottles-thermos/el-coffee-mug-350ml-5400/|https://www.polo.gr/bags/travel/el-travel-bottles-thermos/el-coffee-mug-350ml-6800/|https://www.polo.gr/bags/travel/el-travel-bottles-thermos/el-coffee-mug-350ml-8408/|https://www.polo.gr/bags/travel/el-travel-bottles-thermos/el-coffee-mug-350ml-8409/|https://www.polo.gr/bags/back2school/el-back2school-bottles-thermos/el-coffee-mug-350ml-8481/|https://www.polo.gr/bags/travel/el-travel-bottles-thermos/el-coffee-mug-350ml-8482/|https://www.polo.gr/bags/back2school/el-back2school-bottles-thermos/el-coffee-mug-350ml-8483/|https://www.polo.gr/bags/travel/el-travel-bottles-thermos/el-coffee-mug-350ml-8484/
949032,"ΘΕΡΜΟΣ STAINLESS STEEL 0,50L BLOSSOM POLO",6,8475|8476|8477|8478|8479|8480,THERMO MUG INOX 900ML,,,949032-8475|949032-8476|949032-8477|949032-8478|949032-8479|949032-8480,,13.20,13.20,60,https://www.polo.gr/bags/travel/el-travel-bottles-thermos/el-thermos-stainless-steel-050l-blossom-polo-8475/|https://www.polo.gr/bags/travel/el-travel-bottles-thermos/el-thermos-stainless-steel-050l-blossom-polo-8476/|https://www.polo.gr/bags/travel/el-travel-bottles-thermos/el-thermos-stainless-steel-050l-blossom-polo-8477/|https://www.polo.gr/bags/back2school/el-back2school-bottles-thermos/el-thermos-stainless-steel-050l-blossom-polo-8478/|https://www.polo.gr/bags/travel/el-travel-bottles-thermos/el-thermos-stainless-steel-050l-blossom-polo-8479/|https://www.polo.gr/bags/back2school/el-back2school-bottles-thermos/el-thermos-stainless-steel-050l-blossom-polo-8480/
949033,"ΘΕΡΜΟΣ STAINLESS STEEL JUNIOR ΙΙ 0,50L POLO",8,8419|8420|8421|8422|8423|8424|8425|8426,THERMO MUG INOX 900ML,,,949033-8419|949033-8420|949033-8421|949033-8422|949033-8423|949033-8424|949033-8425|949033-8426,,18.50,18.50,96,https://www.polo.gr/bags/back2school/el-back2school-bottles-thermos/el-thermos-stainless-steel-junior-ii-050l-polo-8419/|https://www.polo.gr/bags/back2school/el-back2school-bottles-thermos/el-thermos-stainless-steel-junior-ii-050l-polo-8420/|https://www.polo.gr/bags/back2school/el-back2school-bottles-thermos/el-thermos-stainless-steel-junior-ii-050l-polo-8421/|https://www.polo.gr/bags/back2school/el-back2school-bottles-thermos/el-thermos-stainless-steel-junior-ii-050l-polo-8422/|https://www.polo.gr/bags/back2school/el-back2school-bottles-thermos/el-thermos-stainless-steel-junior-ii-050l-polo-8423/|https://www.polo.gr/bags/back2school/el-back2school-bottles-thermos/el-thermos-stainless-steel-junior-ii-050l-polo-8424/|https://www.polo.gr/bags/back2school/el-back2school-bottles-thermos/el-thermos-stainless-steel-junior-ii-050l-polo-8425/|https://www.polo.gr/bags/back2school/el-back2school-bottles-thermos/el-thermos-stainless-steel-junior-ii-050l-polo-8426/
949034,"ΘΕΡΜΟΣ STAINLESS STEEL 0,50L SOLID POLO",6,3900|4400|5300|6800|7100|7300,THERMO MUG INOX 900ML,,,949034-3900|949034-4400|949034-5300|949034-6800|949034-7100|949034-7300,,12.40,12.40,60,https://www.polo.gr/bags/travel/el-travel-bottles-thermos/el-thermos-stainless-steel-050l-solid-polo-3900/|https://www.polo.gr/bags/travel/el-travel-bottles-thermos/el-thermos-stainless-steel-050l-solid-polo-4400/|https://www.polo.gr/bags/back2school/el-back2school-bottles-thermos/el-thermos-stainless-steel-050l-solid-polo-5300/|https://www.polo.gr/bags/travel/el-travel-bottles-thermos/el-thermos-stainless-steel-050l-solid-polo-6800/|https://www.polo.gr/bags/travel/el-travel-bottles-thermos/el-thermos-stainless-steel-050l-solid-polo-7100/|https://www.polo.gr/bags/travel/el-travel-bottles-thermos/el-thermos-stainless-steel-050l-solid-polo-7300/
951035,ΔΟΧΕΙΟ ΦΑΓΗΤΟΥ ΜΕ ΑΠΟΣΠΩΜΕΝΟ ΕΣΩΤΕΡΙΚΟ ΔΙΑΧΩΡΙΣΤΙΚΟ P/P,2,3900|5900,LUNCH BAG COOLMI|LUNCH BAG OFFICE II,,,951035-3900|951035-5900,,10.00,10.00,15,https://www.polo.gr/bags/travel/el-travel-food-accessories/el-lunch-box-p-p1100-ml-3900-3-2/|https://www.polo.gr/bags/travel/el-travel-food-accessories/el-lunch-box-p-p1100-ml-5900-3-2/
951038,ΔΟΧΕΙΟ ΦΑΓΗΤΟΥ ΜΕ ΔΙΑΧΩΡΙΣΤΙΚΟ P/P,2,4657|5870,LUNCH BAG OFFICE II|ΚΟΡΔΟΝΙ ΜΠΡΕΛΟΚ ΓΙΑ ΚΙΝΗΤΟ,,,951038-4657|951038-5870,,7.00,7.00,14,https://www.polo.gr/bags/back2school/el-back2school-food-accessories/el-lunch-box-p-p1100-ml-4657-2/|https://www.polo.gr/bags/back2school/el-back2school-food-accessories/el-lunch-box-p-p1100-ml-5870-2/
965001,ΣΑΚΙΔΙΟ TROLLEY JUNIOR FIZZ,4,8448|8449|8450|8451,ΣΑΚΙΔΙΟ JUNIOR FIZZ|LUNCH BAG FIZZ,,,965001-8448|965001-8449|965001-8450|965001-8451,,38.00,38.00,48,https://www.polo.gr/bags/back2school/nipiagogeiou/el-backpack-trolley-junior-fizz-8448/|https://www.polo.gr/bags/back2school/nipiagogeiou/el-backpack-trolley-junior-fizz-8449/|https://www.polo.gr/bags/back2school/nipiagogeiou/el-backpack-trolley-junior-fizz-8450/|https://www.polo.gr/bags/back2school/nipiagogeiou/el-backpack-trolley-junior-fizz-8451/
965002,ΒΑΛΙΤΣΑ TROLLEY TOKYO PP 32Lt,3,2100|6500|7500,ΣΑΚΙΔΙΟ ΚΑΜΠΙΝΑΣ ASPEN 20.5-26.5Lt,,,965002-2100|965002-6500|965002-7500,,55.00,55.00,24,https://www.polo.gr/bags/travel/travel-trolley-bag/el-tokyo-pp-trolley-luggage-32lt-2100/|https://www.polo.gr/bags/travel/travel-trolley-bag/el-tokyo-pp-trolley-luggage-32lt-6500/|https://www.polo.gr/bags/travel/travel-trolley-bag/el-tokyo-pp-trolley-luggage-32lt-7500/
965003,ΒΑΛΙΤΣΑ TROLLEY TOKYO PP 62Lt,1,6500,ΣΑΚΙΔΙΟ ΚΑΜΠΙΝΑΣ ASPEN 20.5-26.5Lt,,,965003-6500,,66.00,66.00,6,https://www.polo.gr/bags/travel/travel-trolley-bag/el-tokyo-pp-trolley-luggage-62lt-6500/
965004,ΒΑΛΙΤΣΑ TROLLEY TOKYO PP 92Lt,1,6500,ΣΑΚΙΔΙΟ ΚΑΜΠΙΝΑΣ ASPEN 20.5-26.5Lt,,,965004-6500,,77.00,77.00,6,https://www.polo.gr/bags/travel/travel-trolley-bag/el-tokyo-pp-trolley-luggage-92lt-6500/
965006,ΒΑΛΙΤΣΑ TROLLEY ATHENS FABRIC 38Lt,3,2100|3300|5000,ΣΑΚΙΔΙΟ ΚΑΜΠΙΝΑΣ TOURS 20.5Lt,,,965006-2100|965006-3300|965006-5000,,68.00,68.00,24,https://www.polo.gr/bags/travel/travel-trolley-bag/el-athens-fabric-trolley-luggage-38lt-2100/|https://www.polo.gr/bags/travel/travel-trolley-bag/el-athens-fabric-trolley-luggage-38lt-3300/|https://www.polo.gr/bags/travel/travel-trolley-bag/el-athens-fabric-trolley-luggage-38lt-5000/
965007,ΒΑΛΙΤΣΑ TROLLEY ATHENS FABRIC 65Lt,1,2100,ΣΑΚΙΔΙΟ ΚΑΜΠΙΝΑΣ TOURS 20.5Lt,,,965007-2100,,79.00,79.00,6,https://www.polo.gr/bags/travel/travel-trolley-bag/el-athens-fabric-trolley-luggage-65lt-2100/
965008,ΒΑΛΙΤΣΑ TROLLEY ATHENS FABRIC 93Lt,1,2100,ΣΑΚΙΔΙΟ ΚΑΜΠΙΝΑΣ TOURS 20.5Lt,,,965008-2100,,92.00,92.00,6,https://www.polo.gr/bags/travel/travel-trolley-bag/el-athens-fabric-trolley-luggage-93lt/
965055,ΣΑΚΙΔΙΟ TROLLEY FREELY,4,8419|8420|8421|8422,LUNCH BAG KID'S FUN II,,,965055-8419|965055-8420|965055-8421|965055-8422,5201927142193|5201927142209|5201927142216|5201927142223,75.00,75.00,48,https://www.polo.gr/bags/back2school/trolei/el-backpack-trolley-freely-8419/|https://www.polo.gr/bags/back2school/trolei/el-backpack-trolley-freely-8420/|https://www.polo.gr/bags/back2school/trolei/el-backpack-trolley-freely-8421/|https://www.polo.gr/bags/back2school/trolei/el-backpack-trolley-freely-8422/
965056,ΣΑΚΙΔΙΟ TROLLEY ORBIT,4,8423|8424|8425|8426,LUNCH BAG KID'S FUN II,,,965056-8423|965056-8424|965056-8425|965056-8426,,70.00,70.00,48,https://www.polo.gr/bags/back2school/trolei/el-backback-trolley-orbit-8423/|https://www.polo.gr/bags/back2school/trolei/el-backback-trolley-orbit-8424/|https://www.polo.gr/bags/back2school/trolei/el-backback-trolley-orbit-8425/|https://www.polo.gr/bags/back2school/trolei/el-backback-trolley-orbit-8426/
971001,LUNCH BAG FIZZ,4,8448|8449|8450|8451,ΣΑΚΙΔΙΟ JUNIOR FIZZ|ΣΑΚΙΔΙΟ TROLLEY JUNIOR FIZZ,,,971001-8448|971001-8449|971001-8450|971001-8451,,21.00,21.00,44,https://www.polo.gr/bags/back2school/el-back2school-food-accessories/el-lunch-bag-fizz-8448/|https://www.polo.gr/bags/back2school/el-back2school-food-accessories/el-lunch-bag-fizz-8449/|https://www.polo.gr/bags/back2school/el-back2school-food-accessories/el-lunch-bag-fizz-8450/|https://www.polo.gr/bags/back2school/el-back2school-food-accessories/el-lunch-bag-fizz-8451/
971002,LUNCH BAG COOLMI,4,3900|4400|5800|6000,THERMO MUG INOX 900ML,,,971002-3900|971002-4400|971002-5800|971002-6000,,16.00,16.00,32,https://www.polo.gr/bags/travel/el-travel-food-accessories/el-lunch-bag-coolmi-3900/|https://www.polo.gr/bags/back2school/el-back2school-food-accessories/el-lunch-bag-coolmi-4400/|https://www.polo.gr/bags/back2school/el-back2school-food-accessories/el-lunch-bag-coolmi-5800/|https://www.polo.gr/bags/back2school/el-back2school-food-accessories/el-lunch-bag-coolmi-6000/
971003,LUNCH BAG KID’S FUN II,8,8419|8420|8421|8422|8423|8424|8425|8426,ΚΑΣΕΤΙΝΑ FREELY|ΣΑΚΙΔΙΟ TROLLEY ORBIT|ΚΑΣΕΤΙΝΑ ORBIT,,,971003-8419|971003-8420|971003-8421|971003-8422|971003-8423|971003-8424|971003-8425|971003-8426,,20.00,20.00,96,https://www.polo.gr/bags/back2school/el-back2school-food-accessories/el-lunch-bag-kids-fun-ii-8419/|https://www.polo.gr/bags/back2school/el-back2school-food-accessories/el-lunch-bag-kids-fun-ii-8420/|https://www.polo.gr/bags/back2school/el-back2school-food-accessories/el-lunch-bag-kids-fun-ii-8421/|https://www.polo.gr/bags/back2school/el-back2school-food-accessories/el-lunch-bag-kids-fun-ii-8422/|https://www.polo.gr/bags/back2school/el-back2school-food-accessories/el-lunch-bag-kids-fun-ii-8423/|https://www.polo.gr/bags/back2school/el-back2school-food-accessories/el-lunch-bag-kids-fun-ii-8424/|https://www.polo.gr/bags/back2school/el-back2school-food-accessories/el-lunch-bag-kids-fun-ii-8425/|https://www.polo.gr/bags/back2school/el-back2school-food-accessories/el-lunch-bag-kids-fun-ii-8426/
status,"ΘΕΡΜΟΣ BEVERAGE 0,50L (180050/1850) LAKEN",1,publish,"ΘΕΡΜΟΣ JANNU 0,75L (TJ7) LAKEN",,,status-publish,,23.00,23.00,9,https://www.polo.gr/bags/travel/el-travel-bottles-thermos/el-beverage-050l-180050-1850-laken-r/
